latitude,longitude,target_no,target_name,type,subtype,dimensions_ft,top_of_target_depth_ft,water_depth_ft,material,Type (New),Class (New),Subclass (New),target_description,css_surveyed,css_survey_date,css_dimensions,css_water_depth_ft,css_historically_explored,css_description,css_url,dcs_target_no,dcs_scuba_footage,dcs_scuba_date,dcs_dimensions,dcs_notes,dcs_history_url,dcs_video_url,luvm_url,sc_newly_uncovered_target,sc_newly_uncovered_wreck,sc_rov_dive_date,sc_top_of_target_ft,sc_water_depth_ft,sc_video_url,sc_current_footage_status,sc_initial_footage_status,sc_howto_access
47.6525493,-122.324843,LU001,Wooden Barge,Barge,Wooden Barge with special purpose,20' x 12',#N/A,35,Wood,Vessel,Barge Wreck,"Wooden, Wood","Type: Vessel | Class: Barge Wreck | Subclass: Wood
Shipwreck City Data
This target has been classified as a wood barge wreck, resting in 35 feet of water and measuring roughly 20 feet by 12 feet. The barge wreck rests upright on the lakebed and retains much of its overall hull form, though portions of the structure are obscured by extensive aquatic growth and fishing netting. Visible features include three rows of upright structural members extending along the length of the wreck, exposed ribs, sections of outer hull planking, and a large opening in the hull. We are unable to determine what is visible within the interior.
Prior Research and Theories
Previously, Coastal Sensing & Survey had classified this target as LU001. Described as a Barge. ",Yes,NA,20' x 12',35,No,Unknown Object,https://www.coastalsensing.com/survey-target-logs-lake-union/tag/LU01,NA,NA,NA,NA,NA,NA,,NA,no,no,4May2026,,,NA,First Footage,No Footage,Boat
47.6506131,-122.3284209,LU002,Wood Structure,Infrastructure,Wooden structure,16' x 8',25,35,Wood,Infrastructure ,Man Made,Wooden,"Type: Infrastructure | Class: Man-made | Subclass: Wood
Shipwreck City Data
This target has been classified as wooden man-made infrastructure, resting in 35 feet of water and measuring roughly 16 feet by 8 feet. The wooden structure rests on the lakebed in a fragmented and partially collapsed condition, with portions obscured by other debris. Visible features include a large cut or squared timber and several smaller wooden pieces. The smaller parts may represent framing, and the overall structure could be consistent with the remains of a small barge or other wooden structure.
Prior Research and Theories
Previously, Coastal Sensing & Survey had classified this target as LU002. Described as a small section of dock or a work barge.",Yes,NA,16' x 8',35,No,Unknown Object,https://www.coastalsensing.com/survey-target-logs-lake-union/tag/LU02,NA,NA,NA,NA,NA,NA,,NA,no,no,4May2026,25,28,NA,First Footage,No Footage,Boat
47.6493959,-122.3285119,LU003,"""The Old Barge""",Barge,Wooden Barge,100' x 30',30,35,Wood,Vessel,Barge Wreck,"Wooden, Wood","Type: Vessel | Class: Barge Wreck | Subclass: Wood
Shipwreck City Data
This target has been classified as a wood barge wreck, resting in 35 feet of water and measuring roughly 100 feet by 30 feet. The barge wreck rests upright on the lakebed, with much of the wooden hull structure still present despite areas of deterioration. Visible features include exposed structural timbers along the hull, curved metal fitting, and deck beams.
Prior Research and Theories
Previously, Coastal Sensing & Survey had classified this target as LU03. Described as a barge covered by weed balls caused by dying milfoil. DCS Films had classified this target as Barge #7. Described with measurements of approximately 90 feet in length and 30 feet in width, with recorded heights of 4 feet and 3 feet. Lake Union Virtual Museum had described this target as a large, rugged wooden barge approximately 70 feet long near Gas Works Park and the wreck of Foss 54; Shipwreck City confirmed that LU003 is correctly described on this page and LUVM accidentally mis-labelled this target as Foss 54 barge (LU007).",Yes,NA,100' x 30',35,No,Old Barge,https://www.coastalsensing.com/survey-target-logs-lake-union/tag/LU03,7,yes,NA,70 x 23 x 4,"""Old Barge, Length 70, Width 23, Height 4""",http://www.dcsfilms.com/Site_4/Lake_Union_barges.html,https://vimeo.com/23801859?fl=pl&fe=sh,NA,no,no,4May2026,30,33,NA,Updated Footage,Historical Footage,Boat
47.6479338,-122.3300238,LU004,Metal Frame,Infrastructure,Metal frame,6'x6',34,35,Metal,Infrastructure ,Man Made,Metal,"Type: Infrastructure | Class: Man Made | Subclass: Metal
Shipwreck City Data
This target has been classified as man-made metal infrastructure, resting in 35 feet of water and measuring roughly 6 feet by 6 feet. The metal structure rests on the lakebed and remains largely intact, with additional metal debris scattered around the site. Visible features include an angular metal frame with a 90-degree configuration and a metal element extending approximately 8 to 10 inches from one corner. The configuration may indicate a structural or support function, though we are unable to determine its original purpose.
Prior Research and Theories
Previously, Coastal Sensing & Survey had classified this target as LU04. Described as an area with several debris objects.",Yes,NA,6'x6',35,No,Several Debris Objects,https://www.coastalsensing.com/survey-target-logs-lake-union/tag/LU04,NA,NA,NA,NA,NA,NA,,NA,no,no,4May2026,34,35,NA,First Footage,No Footage,boat
47.6461409,-122.3306924,LU005,Wooden Boat,Shipwreck,Shipwreck (longboat style hull),32' x 11',37,40,Wood,Vessel,Shipwreck,"Wooden, Wood","Type: Vessel | Class: Shipwreck | Subclass: Wood
Shipwreck City Data
This target has been classified as a wood shipwreck, resting in 40 feet of water and measuring roughly 32 feet by 11 feet. The shipwreck rests upright on the lakebed, with portions of the hull deteriorated and sections of the outer structure missing. Visible features include a defined bow stem, exposed ribs and internal framing, and sections of outer hull planking. In several areas, missing hull planking exposes the vessel’s internal structure.
Prior Research and Theories
Previously, Coastal Sensing & Survey had classified this target as LU05. Described as an unknown object or wreck whose structure was difficult to identify because it was covered by mats of aquatic weeds.",Yes,NA,32' x 11',40,No,Shipwreck - Weed Covered,https://www.coastalsensing.com/survey-target-logs-lake-union/tag/LU05,NA,NA,NA,NA,NA,NA,,NA,no,no,4May2026,37,41,NA,First Footage,No Footage,Boat
47.6437101,-122.3318662,LU006,LCVP PA 201-8/9,Shipwreck,Landing Craft,25' x 8',#N/A,40,Wood,Vessel,Shipwreck,"Wooden, Wood","Type: Vessel | Class: Shipwreck | Subclass: Wood
Shipwreck City Data
This target has been classified as a wood shipwreck resting in 40 feet of water and measuring roughly 25 feet by 8 feet. The shipwreck rests upright on the lakebed, with much of the hull structure still present with minor places of deterioration. Visible features include partial hull markings, exposed wooden structural members, and a circular opening within the wreck that may represent one of the craft’s gun wells. Additional unidentified debris is visible within the hull. This shipwreck is believed to be a Landing Craft, Vehicle, Personnel (LCVP), commonly known as a Higgins Boat. 
Prior Research and Theories
Previously, Coastal Sensing & Survey had classified this target as LU06. Described as a weed-covered landing craft. DCS Films had classified this target as an LCVP, or Higgins Boat. Described as bearing the partial hull number ""PA 201,"" possibly connecting the craft to the USS Menard, though the complete designation could not be determined. Previously, Lake Union Virtual Museum had classified this target as a Higgins Boat. Described as a landing craft.",Yes,NA,25' x 8',40,Yes,Landing Craft (Weed Covered),https://www.coastalsensing.com/survey-target-logs-lake-union/tag/LU06,18,yes`,NA,NA,NA,http://www.dcsfilms.com/Site_4/Higgins_Boat.html,https://vimeo.com/23622216?fl=pl&fe=sh,http://www.lakeunionhistory.org/Higgins_Boat.html,no,no,6May2026,,,NA,Updated Footage,Historical Footage,Boat
47.6448462,-122.337118,LU007,Foss 54 (YC 191),Barge,Barge,91' x 26',#N/A,15,Unknown,Vessel,Barge Wreck,"Wooden, Wood","Type: Vessel | Class: Barge Wreck | Subclass: Wooden
Shipwreck City Data
This target has been classified as a wood barge wreck resting in 15 feet of water and measuring roughly 91 feet by 26 feet. The barge wreck rests upright on the lakebed, with substantial portions of the wooden hull and deck structure still present. Visible features include large deck beams, substantial structural timbers, several upright structural members extending above the wreck, and multiple openings that provide views into the interior. Additional debris is visible within the hull. This barge wreck has been positively identified as Foss 54 (YC 191).
Prior Research and Theories
Previously, Coastal Sensing & Survey had classified this target as LU07. Described as the wreck of a Foss barge, though an earlier CSS entry identifies the barge as Foss #74, creating a discrepancy within the source record. DCS Films had classified this target as Foss 54. Described as the former U.S. Navy barge YC 191, with historical photographs and additional information documenting the vessel's history and specifications. Lake Union Virtual Museum had identified this target as Foss 54. Described as the wreck of Foss barge #54 in Lake Union.
Additional Context
Foss 54 was originally built in 1908 for the U.S. Navy in Bremerton, Washington, as YC 191. Historical data tells us that the barge carried coal, lumber, and other materials in the Puget Sound region over a working life spanning several decades. Its documented history becomes uncertain around 1969, and the exact circumstances and date of its sinking remain unclear. Shipwreck City is actively researching this vessel's history and will provide more details as we learn more.",Yes,NA,91' x 26',15,Yes,Barge,https://www.coastalsensing.com/survey-target-logs-lake-union/tag/LU07,8,yes,NA,110 x 30,"Length 110 feet, Width 30 feet, Height 8 feet, Gross Tonnage 233",http://www.dcsfilms.com/Site_4/FOSS_54_Lake_Union.html,https://youtu.be/i42ZglIl_LU?si=zPqSMah3WNudZxu2,http://www.lakeunionhistory.org/Foss_Barge.html,no,no,13Dec2025,,,https://www.youtube.com/watch?v=MPLPYdXKrpQ,Updated Footage,Historical Footage,Gas Works Park
47.6449193,-122.3376876,LU008,Irene,Shipwreck,Shipwreck,45' x 12',#N/A,40,Wood,Vessel,Shipwreck,Wood,"Type: Vessel | Class: Shipwreck | Subclass: Wood
Shipwreck City Data
This target has been classified as a wood shipwreck, resting in 40 feet of water and measuring roughly 45 feet by 12 feet. The shipwreck rests upright on the lakebed, with portions of the deck and hull partially collapsed. Visible features include deck planking, outer hull planking, exposed ribs and internal framing, several upright structural members, a rectangular opening in the deck, and a rounded end of the hull. We are unable to determine the vessel’s bow and stern orientation from the available footage. The name Irene is a presumed identification based on lettering found on debris associated with the site.
Prior Research and Theories
Previously, Coastal Sensing & Survey had classified this target as LU08. Described as a shipwreck. DCS Films had classified this target as Irene. The available DCS listing identifies the wreck by name as Target 9. Lake Union Virtual Museum had classified this target as Irene. Described with measurements of approximately 48 feet in length, 11 feet in width, and 6 feet in height at the bow.",Yes,NA,45' x 12',40,Yes,Shipwreck,https://www.coastalsensing.com/survey-target-logs-lake-union/tag/LU08,9,yes,NA,48 x 11ft,"Length 48 feet, Width 11ft, Depth 6 feet (bow) 3 feet (stern), Engine 22 feet from bow",http://www.dcsfilms.com/Site_4/Irene_Lake_Union.html,https://youtu.be/VluSc-tzzZM?si=CitVDeiU10oG2e9r,http://www.lakeunionhistory.org/Irene.html,no,no,10Feb2026,,,NA,Updated Footage,Historical Footage,Gas Works Park
47.6448424,-122.3380882,LU009,Landing Craft,Shipwreck,Landing Craft,40' x 10',#N/A,40,Wood,Vessel,Shipwreck,Wood,"Type: Vessel | Class: Shipwreck | Subclass: Wood
Shipwreck City Data
This target has been classified as a wood shipwreck, resting in 40 feet of water and measuring roughly 40 feet by 10 feet. The shipwreck appears to rest upright on the lakebed, with much of the hull and deck structure still present. Visible features include a broad, flat-ended hull section with an angular profile, exposed deck framing, several rectangular deck openings, and a heavily encrusted metal deck fitting that may represent a towing bitt. A second heavily encrusted metal fitting is attached to one of the structural timbers, with a looped or eye-like component hanging beneath it. The overall form of the wreck is consistent with a landing craft, though its original configuration cannot currently be fully determined.
Prior Research and Theories
Previously, Coastal Sensing & Survey had classified this target as LU09. Described as a shipwreck near Gas Works Park in Seattle. DCS Films had classified this target as Target 10. Described as an unidentified converted landing craft. Lake Union Virtual Museum had classified this target as a military LCVP landing craft that was later converted for other uses. Described with dimensions of approximately 34 feet in length, 9 feet in width, and 4 feet in depth at the bow.",Yes,NA,40' x 10',40,Yes,Converted Landing Craft,https://www.coastalsensing.com/survey-target-logs-lake-union/tag/LU09,10,yes,NA,34 x 9,"Wooden vessel, length 34', width 9', depth 4' (bow)",http://www.dcsfilms.com/Site_4/Lake_Union_Targets.html,https://www.youtube.com/watch?v=u__u4sHH8hI,http://www.lakeunionhistory.org/Converted_Landing_Craft.html,no,no,13Dec2025,,,https://www.youtube.com/watch?v=MPLPYdXKrpQ,Updated Footage,Historical Footage,Gas Works Park
47.6451389,-122.3395139,LU010,Small Work Barge,Barge,Small wood work barge,15' x 6',#N/A,40,Wood,Vessel,Barge Wreck,Wood,"Type: Vessel | Class: Barge Wreck | Subclass: Wood
Shipwreck City Data
This target has been classified as a wood barge wreck, resting in 40 feet of water and measuring roughly 15 feet by 6 feet. The barge wreck rests upright on the lakebed, with sections of the hull missing or separated and portions of the internal structure exposed. Visible features include large squared structural timbers, parallel wooden deck planking, several upright wooden structural members with an unknown purpose, exposed framing, and a curved metal fitting attached near one of the timbers.

Prior Research and Theories
Previously, Coastal Sensing & Survey had classified this target as LU10. Described as a small work barge.",Yes,NA,15' x 6',40,Yes,Dock Section,https://www.coastalsensing.com/survey-target-logs-lake-union/tag/LU10,NA,NA,NA,NA,NA,NA,,NA,no,no,10May2026,,,NA,First Footage,No Footage,boat
47.6465455,-122.3426982,LU011,Debris Field,Debris,Large Tire Sanding Up & Debris Item,NA,#N/A,40,Mixed (Debris),Debris,Man Made,"N/A, Mixed Materials","Type: Debris | Class: Man Made | Subclass: Mixed Materials
Shipwreck City Data
This target has been classified as man-made debris, resting in 40 feet of water. The debris rests partially embedded in the lakebed and consists primarily of two large worked timber sections with attached metal and line components. Visible features include cut timber ends, a metal ring or eye fitting attached to the timber, and a length of rope or cable associated with the fitting. The worked timbers and attached hardware may indicate a previous structural or mooring-related use, though we are unable to determine the target’s original function.

Prior Research and Theories
Previously, Coastal Sensing & Survey had classified this target as LU11. Described as a large tire and debris item.",Yes,NA,NA,40,No,Large Tire Sanding Up & Debris Item,https://www.coastalsensing.com/survey-target-logs-lake-union/tag/LU11,NA,NA,NA,NA,NA,NA,,NA,no,no,2June2026,,,NA,First Footage,No Footage,Pacific Coast Yachting Services
47.6466034,-122.3428997,LU012,Kahlenberg,Shipwreck,Boat,55' x 14',#N/A,40,Wood,Vessel,Shipwreck,Wood,"Type: Vessel | Class: Shipwreck | Subclass: Wood
Shipwreck City Data
This target has been classified as a wood shipwreck, resting in 40 feet of water and measuring roughly 55 feet by 14 feet. The shipwreck rests upright on the lakebed and survives primarily in two separated sections, with much of the midship structure broken apart. Visible features include outer hull planking, exposed ribs and framing, deck beams and planking, rectangular openings within the surviving superstructure, a diamond-shaped metal plate with a central fastener along the hull, and two large deck cleats. The wreck is identified as the Kahlenberg.

Prior Research and Theories
Previously, Coastal Sensing & Survey had classified this target as LU12. Described as the wreck of the Kahlenberg. DCS Films had classified this target as Target 13, Kahlenberg. Described as an identified Lake Union wreck with documented U.S. Navy service and later civilian use.

Additional Context
The Kahlenberg was built in 1913 as a wooden vessel approximately 50 feet long and 11 feet wide. Historical research describes the vessel as serving with the U.S. Navy as a tender before later being used by Kahlenberg Industries as a demonstration vessel. Captain Franz Nelson later brought the vessel to Puget Sound, where it was used in the local commercial shrimp fishery. Shipwreck City is actively researching this vessel's history and will provide more details as we learn more.",Yes,NA,55' x 14',40,Yes,Boat,https://www.coastalsensing.com/survey-target-logs-lake-union/tag/LU12,13,yes,NA,NA,NA,http://www.dcsfilms.com/Site_4/Wreck_of_the_Kahlenberg.html,https://vimeo.com/30358393?fl=pl&fe=sh,NA,no,no,2June2026,,,NA,Updated Footage,Historical Footage,Pacific Coast Yachting Services
47.64702,-122.3415702,LU013,Shipwreck,Shipwreck,Shipwreck,TBD,#N/A,40,Unknown,Vessel,Shipwreck,Unknown Material,"Shipwreck City has yet to explore this target. Based on available prior documentation, Shipwreck City currently believes this target to be a shipwreck of unknown material. This identification has not yet been independently confirmed. See below resources for additional information.",Yes,NA,TBD,40,No,Shipwreck,https://www.coastalsensing.com/survey-target-logs-lake-union/tag/LU13,NA,NA,NA,NA,NA,NA,,NA,no,no,NA,,,NA,No Footage,No Footage,Divers Institute of Technology
47.6470662,-122.3409251,LU014,Shipwreck,Shipwreck,Shipwreck Under Docks,TBD,#N/A,40,Unknown,Vessel,Shipwreck,Unknown Material,"Shipwreck City has yet to explore this target. Based on available prior documentation, Shipwreck City currently believes this target to be a shipwreck of unknown material. This identification has not yet been independently confirmed. See below resources for additional information.",Yes,NA,TBD,40,No,Shipwreck Under Docks,https://www.coastalsensing.com/survey-target-logs-lake-union/tag/LU14,NA,NA,NA,NA,NA,NA,,NA,no,no,NA,,,NA,No Footage,No Footage,Divers Institute of Technology
47.6473064,-122.3449945,LU015,Wood Boat / Tug,Shipwreck,Large wood boat/Tug,75' x 18' Approx,#N/A,40,Wood,Vessel,Shipwreck,Wood,"Shipwreck City has yet to explore this target. Based on available prior documentation, Shipwreck City currently believes this target to be a wooden shipwreck, possibly a boat or tug. This identification has not yet been independently confirmed. See below resources for additional information.",Yes,NA,75' x 18' Approx,40,Yes,Large wood boat/Tug,https://www.coastalsensing.com/survey-target-logs-lake-union/tag/LU15,42,yes,NA,70 x 12,"70' length, 12' wide",http://www.dcsfilms.com/Site_4/Lake_Union_shipwrecks.html,,NA,no,no,NA,,,NA,Historical Footage,Historical Footage,Fremont Tugboat Piers ?
47.6472315,-122.3452354,LU016,Shipwreck,Shipwreck,Shipwreck,21' x 8',#N/A,40,Unknown,Vessel,Shipwreck,Unknown Material,"Shipwreck City has yet to explore this target. Based on available prior documentation, Shipwreck City currently believes this target to be a shipwreck of unknown material. This identification has not yet been independently confirmed. See below resources for additional information.",Yes,NA,21' x 8',40,No,Shipwreck,https://www.coastalsensing.com/survey-target-logs-lake-union/tag/LU16,NA,NA,NA,NA,NA,NA,,NA,no,no,NA,,,NA,No Footage,No Footage,Fremont Tugboat Piers ?
47.6472004,-122.3451279,LU017,Karinda,Shipwreck,Cabin Cruiser,21' x 8',#N/A,40,Fiberglass,Vessel,Shipwreck,Fiberglass,"Shipwreck City has yet to explore this target. Based on available prior documentation, Shipwreck City currently believes this target to be a fiberglass shipwreck identified as the Karinda. This identification has not yet been independently confirmed. See below resources for additional information.",Yes,NA,21' x 8',40,Yes,Shipwreck,https://www.coastalsensing.com/survey-target-logs-lake-union/tag/LU17,37,yes,NA,20' x 8',"20' length, 8' width",http://www.dcsfilms.com/Site_4/Lake_Union_boats_sink.html,https://vimeo.com/35357451?fl=pl&fe=sh,NA,no,no,NA,,,NA,Historical Footage,Historical Footage,Fremont Tugboat Piers ?
47.647163,-122.3449389,LU018,HI-YU-ALL,Shipwreck,Shipwreck,25' x 8',#N/A,40,Fiberglass,Vessel,Shipwreck,Fiberglass,"Shipwreck City has yet to explore this target. Based on available prior documentation, Shipwreck City currently believes this target to be a fiberglass shipwreck identified as the HI-YU-ALL. This identification has not yet been independently confirmed. See below resources for additional information.",Yes,NA,25' x 8',40,Yes,Shipwreck,https://www.coastalsensing.com/survey-target-logs-lake-union/tag/LU18,38,yes,NA,24' x 8',"24' length, 8' width",http://www.dcsfilms.com/Site_4/Lake_Union_boats_sink.html,https://vimeo.com/35357451?fl=pl&fe=sh,NA,no,no,NA,,,NA,Historical Footage,Historical Footage,Fremont Tugboat Piers ?
47.6471583,-122.3454721,LU019,Wood Cruiser,Shipwreck,Wood Craft,25 x 10,#N/A,40,Wood,Vessel,Shipwreck,Wood,"Shipwreck City has yet to explore this target. Based on available prior documentation, Shipwreck City currently believes this target to be a wood shipwreck. This identification has not yet been independently confirmed. See below resources for additional information.",Yes,NA,15' x 7.5',40,Yes,Wood Craft,https://www.coastalsensing.com/survey-target-logs-lake-union/tag/LU19,39,yes,NA,25' x 10',"Unidentified, 25' Length, 10' width",http://www.dcsfilms.com/Site_4/Lake_Union_boats_sink.html,https://vimeo.com/35357451?fl=pl&fe=sh,NA,no,no,NA,,,NA,No Footage,Historical Footage,Fremont Tugboat Piers ?
47.6483132,-122.3467669,LU020,Possible Barge,Unknown,Possible Barge Under Silt,Unknown,#N/A,30,Unknown,Undetermined,N/A,N/A,"Shipwreck City has yet to explore this target. Based on available prior documentation, Shipwreck City currently believes this target may be a barge wreck. This interpretation has not yet been independently confirmed. See below resources for additional information.",Yes,NA,TBD,30,No,Possible Barge Under Silt,https://www.coastalsensing.com/survey-target-logs-lake-union/tag/LU20,NA,NA,NA,NA,NA,NA,NA,NA,no,no,NA,,,NA,No Footage,No Footage,Lake Washington Rowing Club
47.6506562,-122.3293966,LU021,Steel Workboat,Shipwreck,Steel Workboat,Unknown,#N/A,30,Metal,Vessel,Shipwreck,Metal,"Type: Vessel | Class: Shipwreck | Subclass: Metal
Shipwreck City Data
This target has been classified as a metal shipwreck, resting in 30 feet of water. Much of the steel hull and wheelhouse structure remain intact. Visible features include rectangular wheelhouse window openings, a flat steel deck, several deck cleats, a large deck opening, a large six-spoke metal handwheel associated with deck machinery, and assorted piping and metal fittings.

Prior Research and Theories
Previously, Coastal Sensing & Survey had classified this target as LU21. No additional narrative description has been confirmed from the available source material. Lake Union Virtual Museum had documented this target as a 30-foot steel workboat. Described as containing equipment that may indicate the vessel was used as a fireboat. They also link this wreck to DCS Films’ documentation of the DIT Boat, the same source associated with LU022; Shipwreck City confirmed that this target is LU021, a steel workboat, and that LUVM accidentally erred by placing LU021, fireboat, at this location.",Yes,NA,TBD,30,Yes,Steel Workboat,https://www.coastalsensing.com/survey-target-logs-lake-union/tag/LU21,NA,NA,NA,NA,NA,NA,NA,NA,no,no,4May2026,,,NA,Updated Footage,Historical Footage,"Seattle Marina, Gas Works Brewing"
47.6470067,-122.34112,LU022,Metal Fire Boat,Shipwreck,Metal fire Boat,30.5 x 11,#N/A,Unknown,Metal,Vessel,Shipwreck,Metal,"Shipwreck City has yet to explore this target. Based on available prior documentation, Shipwreck City currently believes this target to be a metal shipwreck, possibly a fire boat. This identification has not yet been independently confirmed. See below resources for additional information.",Yes,NA,TBD,Unknown,Yes,Metal fire Boat,https://www.coastalsensing.com/survey-target-logs-lake-union/tag/LU22,34,yes,NA,30.5' x 11',"Steel Boat, Divers Institute of Technology Wreck, 30.5' long, 11' wide",http://www.dcsfilms.com/Site_4/DIT_Boat.html,https://vimeo.com/31992353?fl=pl&fe=sh,http://www.lakeunionhistory.org/Steel_Workboat.html,no,no,NA,,,NA,Historical Footage,Historical Footage,Divers Institute of Technology
47.6485336,-122.3465156,LU023,Small Wood Barge,Barge,Small wood barge,12 x 5,#N/A,30,Wood,Vessel,Barge Wreck,Wood,"Shipwreck City has yet to explore this target. Based on available prior documentation, Shipwreck City currently believes this target to be a wood barge wreck. This identification has not yet been independently confirmed. See below resources for additional information.",Yes,NA,33' x 10',30,Yes,Small wood barge,https://www.coastalsensing.com/survey-target-logs-lake-union/tag/LU23,40,yes,NA,12 x 5 x 4,"12' length, 5' width, 4' height",http://www.dcsfilms.com/Site_4/Lake_Union_boats_sink.html,https://vimeo.com/35357451?fl=pl&fe=sh,NA,no,no,NA,,,NA,Historical Footage,Historical Footage,Lake Washington Rowing Club
47.6466882,-122.3482614,LU024,Bowspirit Boat,Shipwreck,Bowsprit Boat,33' x 10',#N/A,40,Mixed (Metal and Wood),Vessel,Shipwreck,Wood,"Type: Vessel | Class: Shipwreck | Subclass: Wood
Shipwreck City Data
This target has been classified as a wood shipwreck, resting in 40 feet of water and measuring roughly 40 feet by 25 feet. The shipwreck rests upright on the lakebed, with sections of the hull and upper structure missing and the internal structure exposed. Visible features include a pointed bow, exposed wooden framing, a long projecting member extending from the bow, and a surviving section of superstructure with two rectangular openings. The projecting object from the bow may represent a bowsprit, though its exact configuration cannot currently be determined. The wreck is currently referred to as the Bowsprit Boat based on this feature.

Prior Research and Theories
Previously, Coastal Sensing & Survey had classified this target as LU24. Described as the Bow Spirit Boat. DCS Films had documented this target as the Lake Union Sailboat. Lake Union Virtual Museum had documented this target as the Large Sailboat.",Yes,NA,40' x 25',40,Yes,Bowsprit Boat,https://www.coastalsensing.com/survey-target-logs-lake-union/tag/LU24,0,NA,NA,NA,Old bowspirit sailboat,http://www.dcsfilms.com/Site_4/Lake_Union_Sailboat.html,https://vimeo.com/30735834?fl=pl&fe=sh,http://www.lakeunionhistory.org/Large_Sailboat.html,no,no,5May2026,,,NA,Updated Footage,Historical Footage,Boat
47.6461166,-122.346582,LU025,Log Pile,Debris,Log Pile,40' x 25',#N/A,40,Wood,Debris,Man Made,Wood,"Type: Debris | Class: Man Made | Subclass: Wood
Shipwreck City Data
This target has been classified as man-made wooden debris, resting in 40 feet of water and measuring roughly 28 feet by 8.5 feet. The debris rests in a concentrated pile on the lakebed with logs lying across and alongside one another. Visible features include logs with flat, sawn ends, several lengths and loops of rope possibly associated with the timber, and additional wooden material extending through the site. Some of the rope appears to remain attached to or wrapped around individual logs. We are unable to determine whether all of the visible logs and rope belong to a single deposited pile or form part of a broader concentration of debris.

Prior Research and Theories
Previously, Coastal Sensing & Survey had classified this target as LU25. Described as a pile of logs. DCS Films had classified this target as a pile of logs and are described with dimensions of approximately 25 feet by 30 feet.",Yes,NA,28' x 8.5',40,No,Log Pile,https://www.coastalsensing.com/survey-target-logs-lake-union/tag/LU25,1,yes,NA,approx 25' x 30',"Pile of logs, approx 25' long, 30' 'wide",http://www.dcsfilms.com/Site_4/Lake_Union_logs.html,https://vimeo.com/32129068?fl=pl&fe=sh,NA,no,no,2June2026,,,NA,Updated Footage,Historical Footage,Boat
47.6447966,-122.3443114,LU026,***Quinn II,Shipwreck,Pleasure craft,28' x 8.5',#N/A,40,Fiberglass,Vessel,Shipwreck,Fiberglass,"Type: Vessel | Class: Shipwreck | Subclass: Fiberglass
Shipwreck City Data
This target has been classified as a fiberglass shipwreck, resting in 40 feet of water and measuring roughly 28 feet by 8.5 feet. The shipwreck rests upright on the lakebed and remains largely in one piece, though portions of the upper structure are damaged or missing, exposing the interior of the vessel. Visible features include a defined bow and bow stem, a rectangular deck opening, surviving sections of the cabin or deckhouse structure, a large opening in the side of the hull, and heavily encrusted mechanical components within the wreck. The mechanical components may represent portions of the vessel’s engine, though their exact configuration could not be determined. White topsides and red-orange bottom paint remain visible in several areas of the hull. The name Quinn II is a presumed identification based on lettering found on debris associated with the site rather than a confirmed hull marking.

Prior Research and Theories
Previously, Coastal Sensing & Survey had classified this target as LU26. Described as a small boat near the pilings of a marina.",Yes,NA,TBD,40,No,Shipwreck,https://www.coastalsensing.com/survey-target-logs-lake-union/tag/LU26,NA,NA,NA,NA,NA,NA,,NA,no,no,15Apr2026,,,NA,First Footage,No Footage,Rainier Marina (Boat World)
47.643588,-122.3430235,LU027,Possible Sidewheeler,Unknown,Possible Side wheeler (Near Shore),Unknown,#N/A,Unknown,Unknown,Vessel,Shipwreck,Wood,"Shipwreck City has yet to explore this target. Based on available prior documentation, Shipwreck City currently believes this target to be a wood shipwreck, possibly a sidewheel vessel. This identification has not yet been independently confirmed. See below resources for additional information.",No,NA,60' x 20',Unknown,Yes,Possible Side wheeler (Near Shore),https://www.coastalsensing.com/survey-target-logs-lake-union/tag/LU27,32,yes,NA,NA,NA,http://www.dcsfilms.com/Site_4/Lake_Union_Sidewheeler.html,https://youtu.be/y41OxkBF5Bk?si=MMq-rYIE0v7lD_iF,NA,no,no,NA,,,NA,Historical Footage,Historical Footage,Seattle Boat Works / Swiftsure Yachts ?
47.6428841,-122.3416665,LU028,Draft Marker Boat,Shipwreck,Draft Marker Boat,60' x 20',#N/A,40,Unknown,Vessel,Shipwreck,Wood,"Type: Vessel | Class: Shipwreck | Subclass: Wood
Shipwreck City Data
This target has been classified as a wood shipwreck, resting in 40 feet of water and measuring roughly 60 feet by 20 feet. The wreck is heavily collapsed, with substantial sections of the deck and hull structure broken apart and scattered across the site. Visible features include a defined bow stem, surviving sections of the gunwale and outer hull planking, deck planking, exposed ribs and framing, large structural timbers, and a heavily encrusted multi-bladed propeller with associated shafting. A large rectangular metal grating or lattice frame is also present among the wreckage, but cannot be confirmed as part of the wreck or additional debris. Rounded stones concentrated within portions of the wreck may represent ballast, though their original relationship to the vessel cannot currently be confirmed.
Prior Research and Theories
Previously, Coastal Sensing & Survey classified this target as LU28. Described as a large boat. DCS Films had classified this target as a wooden vessel and notes a potential lettering that may represent the vessel's name, though this identification has not been confirmed. ",Yes,NA,12',40,Yes,Draft Marker Boat,https://www.coastalsensing.com/survey-target-logs-lake-union/tag/LU28,20,NA,NA,NA,NA,http://www.dcsfilms.com/Site_4/wooden_wreck_lake_union.html,https://www.youtube.com/watch?v=8k1gl-ynrN0,NA,no,no,2June2026,,,NA,Updated Footage,Historical Footage,Seattle Boat Works / Swiftsure Yachts ?
47.642807,-122.3410983,LU029,Metal Box Frame,Debris,Net (Floating on Concrete Anchor),12',#N/A,40,Mixed (Debris),Infrastructure ,Man Made,Mixed Materials,"Type: Infrastructure | Class: Man Made | Subclass: Mixed Materials
Shipwreck City Data
This target has been classified as mixed-material man-made infrastructure, resting in 40 feet of water, with a recorded dimension of approximately 12 feet. The site consists of a heavily corroded rectangular metal structure resting on the lakebed with several large openings and partially collapsed sections. Visible features include substantial metal framing, upright and horizontal structural pieces, and extensive netting or fishing line draped across and around the structure. Several small rounded objects caught within the line may represent fishing floats. A narrow vertical piece of unknown material extends upward from the target. We are unable to determine the structure's original purpose.

Prior Research and Theories
Previously, Coastal Sensing & Survey had classified this target as LU29. Described as an unknown debris item with some height.",Yes,NA,TBD - In mud,40,Yes,Net (Floating on Concrete Anchor),https://www.coastalsensing.com/survey-target-logs-lake-union/tag/LU29,NA,NA,NA,NA,NA,NA,,NA,no,no,2June2026,,,NA,First Footage,No Footage,Seattle Boat Works / Swiftsure Yachts ?
47.640024,-122.3401989,LU030,Sailboat,Shipwreck,Large Sailboat,34' x 10',#N/A,40,Wood,Vessel,Shipwreck,Wood,"Shipwreck City has yet to explore this target. Based on available prior documentation, Shipwreck City currently believes this target to be a wood shipwreck, possibly a sailboat. This identification has not yet been independently confirmed. See below resources for additional information.",No,NA,NA,40,No,Large Sailboat,https://www.coastalsensing.com/survey-target-logs-lake-union/tag/LU30,31,yes,NA,34 x 10,"Wooden Pleasure Craft, Length 24, Width 10",http://www.dcsfilms.com/Site_4/Wrecks_of_Lake_Union.html,https://vimeo.com/23784461?fl=pl&fe=sh,NA,no,no,NA,NA,NA,NA,Historical Footage,Historical Footage,Western Yacht Harbor ?
47.6399514,-122.3402139,LU031,Metal Boat,Shipwreck,Corroded Metal Boat,Unknown,#N/A,40,Metal,Vessel,Shipwreck,Metal,"Shipwreck City has yet to explore this target. Based on available prior documentation, Shipwreck City currently believes this target to be a metal shipwreck. This identification has not yet been independently confirmed. See below resources for additional information.",Yes,NA,NA,40,Yes,Metal Hull,https://www.coastalsensing.com/survey-target-logs-lake-union/tag/LU31,30,yes,NA,NA,Corroded Metal Hull,http://www.dcsfilms.com/Site_4/Wrecks_of_Lake_Union.html,https://vimeo.com/23784461?fl=pl&fe=sh,NA,no,no,NA,NA,NA,NA,Historical Footage,Historical Footage,Western Yacht Harbor ?
47.6392968,-122.3390021,LU032,Wood Barge,Barge,Barge,60' x 20',#N/A,40,Wood,Vessel,Barge Wreck,Wood,"Type: Vessel | Class: Barge Wreck | Subclass: Wood
Shipwreck City Data
This target has been classified as a wood barge wreck, resting in 40 feet of water and measuring roughly 60 feet by 20 feet. The wreck sits low and largely flat against the lakebed, with much of the structure collapsed outward and several sections of framing and planking lying alongside the main wreck. Large portions of the wooden structure remain identifiable despite the collapse. Visible features include substantial outer hull and deck planking, large squared structural timbers running both along and across the wreck, several upright wooden structural members, and large openings where sections of planking are missing, exposing the interior framing. Detached planking and additional structural material are scattered around and within the wreck. The surviving heavy timber construction and broad rectangular form are consistent with a wooden barge.

Prior Research and Theories
Previously, Coastal Sensing & Survey had classified this target as LU32. Described initially as an unknown barge and later as a barge with substantial surviving structure visible in side-scan sonar imagery. DCS Films had classified the wreck as an unidentified old wood barge. Lake Union Virtual Museum had classified this target as Old Barge.",Yes,NA,45' x 16',40,Yes,Barge,https://www.coastalsensing.com/survey-target-logs-lake-union/tag/LU32,3,yes,NA,70' x 30',"""Old Barge', Length 70', Width 3', Height 4'",http://www.dcsfilms.com/Site_4/Lake_Union_Survey.html,https://vimeo.com/23801433?fl=pl&fe=sh,http://www.lakeunionhistory.org/Old_Barge.html,no,no,"27Mar2026, 7Mar2026",,,NA,Updated Footage,Historical Footage,Julie's Landing (Boat World)
47.6384812,-122.3377314,LU033,Collapsed Wooden Boat,Shipwreck,"45' wooden boat. Possible Name Lettering ""Crooery Ark""",45' x 16',#N/A,40,Wood,Vessel,Shipwreck,Wood,"Type: Vessel | Class: Shipwreck | Subclass: Wood
Shipwreck City Data
This target has been classified as a wood shipwreck, resting in 40 feet of water and measuring roughly 45 feet by 16 feet. The wreck is heavily collapsed and dispersed across the lakebed, with much of the surviving structural material lying flat along with several larger sections remaining partially upright. Visible features include extensive wooden planking, large structural timbers crossing through the debris field, and several metal fittings associated with the wreck. One prominent fitting consists of a heavily encrusted cylindrical metal component with a large central opening. A smaller cylindrical metal fitting with apparent external threading is also visible among the wreckage. The original configuration of these fittings and their function on the vessel cannot currently be determined.

Prior Research and Theories
Previously, Coastal Sensing & Survey had classified this target as LU33. Described as an old wreck. An initial entry from January 28, 2020 described the site and recorded possible hull lettering interpreted as “Crooery Ark,” though the wording was not clearly legible.",Yes,NA,TBD,40,Yes,"45' wooden boat. Possible Name Lettering ""Crooery Ark""",https://www.coastalsensing.com/survey-target-logs-lake-union/tag/LU33,NA,NA,NA,NA,NA,NA,,NA,no,no,"27Mar2026, 5May2026",,,NA,Updated Footage,Historical Footage,Julie's Landing (Boat World)
47.6352269,-122.3389165,LU034,Personal Liveaboad,Shipwreck,Personal Liveaboard,Unknown,#N/A,30,Mixed (Metal and Wood),Debris,Man Made,Mixed Materials,"Shipwreck City has yet to explore this target. Based on available prior documentation, Shipwreck City currently believes this target to be man-made mixed-material debris, possibly associated with a personal liveaboard. This identification has not yet been independently confirmed. See below resources for additional information.",Yes,NA,TBD - Under Dock Near Shore,30,Yes,Personal Liveaboard,https://www.coastalsensing.com/survey-target-logs-lake-union/tag/LU34,4,yes,NA,NA,personal liveboard,http://www.dcsfilms.com/Site_4/Sea_Bee.html,https://youtu.be/OvlHtjmf_Mo?si=JSx0ne8tbc2w-iZ7,NA,no,no,NA,,,NA,Historical Footage,Historical Footage,Boat House Deli Piers ?
47.6351842,-122.3394291,LU035,Jeanette,Shipwreck,Fishing Vessel,40 x 10,#N/A,,Wood,Vessel,Shipwreck,Wood,"Shipwreck City has yet to explore this target. Based on available prior documentation, Shipwreck City currently believes this target to be a wood shipwreck identified as the Jeanette. This identification has not yet been independently confirmed. See below resources for additional information.",No,NA,NA,,Yes,Shipwreck,https://www.coastalsensing.com/survey-target-logs-lake-union/tag/LU35,21,yes,NA,40 x 10,"Fishing vessel, Length 40ft, Beam 10ft",http://www.dcsfilms.com/Site_4/Jeanette_Lake_Union.html,https://youtu.be/BVn-kgVOBWA?si=_BVW739VVn3UTB4F,http://www.lakeunionhistory.org/Jeanette.html,no,no,NA,,,NA,Historical Footage,Historical Footage,Boat House Deli Piers ?
47.6353207,-122.3349149,LU036,Debris Field,Unknown,Multiple Floating Objects,N/A,#N/A,40,Unknown,Debris,Man Made,Mixed Materials,"Type: Debris | Class: Man Made | Subclass: Mixed Materials
Shipwreck City Data
This target has been classified as man-made mixed-material debris, resting in 40 feet of water. The site consists of a scattered debris field spread across the lakebed. Visible features include a coiled length of rope, a hooked or branch-shaped metal fragment, and several smaller unidentified objects, some of which are partially embedded in sediment. We are unable to determine whether the visible objects were deposited together or represent unrelated debris that accumulated in the same area.

Prior Research and Theories
Previously, Coastal Sensing & Survey had classified this target as LU36. Described as debris. ",Yes,NA,TBD,40,No,Multiple Floating Objects,https://www.coastalsensing.com/survey-target-logs-lake-union/tag/LU36,NA,NA,NA,NA,NA,NA,,NA,no,no,3June2026,,,NA,First Footage,No Footage,Boat
47.6345818,-122.3339668,LU037,Debris Field,Unknown,Unknown Debris Item - Possible small boat.,Unknown,#N/A,40,Unknown,Debris,Man Made,Mixed Materials,"Type: Debris | Class: Man Made | Subclass: Mixed Materials
Shipwreck City Data
This target has been classified as man-made mixed-material debris, resting in 40 feet of water. The site consists of a small concentration of debris on the lakebed. Visible features include a heavily encrusted vertical line or cable rising from the site, several narrow rod like elements clustered near its base, and smaller unidentified objects scattered nearby. 

Prior Research and Theories
Previously, Coastal Sensing & Survey had classified this target as LU37. Described as an unknown debris item.",Yes,NA,TBD - Under Dock Near Shore,40,No,Unknown Debris Item - Possible small boat.,https://www.coastalsensing.com/survey-target-logs-lake-union/tag/LU37,NA,NA,NA,NA,NA,NA,,NA,no,no,3June2026,,,NA,First Footage,No Footage,Boat
47.6345066,-122.3391884,LU038,USS Lapeer (PC 1138),Shipwreck,Patrol Craft,TBD - Under Dock Near Shore,#N/A,40,Unknown,Vessel,Shipwreck,Metal,"Shipwreck City has yet to explore this target. Based on available prior documentation, Shipwreck City currently believes this target to be a metal shipwreck identified as the USS Lapeer (PC 1138). This identification has not yet been independently confirmed. See below resources for additional information.",Yes,NA,9' x 6',40,Yes,Shipwreck,https://www.coastalsensing.com/survey-target-logs-lake-union/tag/LU38,22,yes,NA,NA,Coast Guard Navy Vesel ,http://www.dcsfilms.com/Site_4/PC_1138_Lake_Union.html,https://youtu.be/0Ma9MnDrftc?si=ykr9AvZM2U31ktJO,http://www.lakeunionhistory.org/Lapeer.html,no,no,NA,,,NA,Historical Footage,Historical Footage,The Lake Union Building Piers ?
47.6345476,-122.3385052,LU039,Debris,Unknown,Unknown Debris Item,9' x 6',#N/A,40,Unknown,Undetermined,Unknown,Unknown Material,"Shipwreck City has yet to explore this target. Based on available prior documentation, Shipwreck City currently believes this target may be debris of unknown material. This interpretation has not yet been independently confirmed. See below resources for additional information.",Yes,NA,TBD,40,No,Unknown Debris Item,https://www.coastalsensing.com/survey-target-logs-lake-union/tag/LU39,NA,NA,NA,NA,NA,NA,,NA,no,no,NA,,,NA,No Footage,No Footage,The Lake Union Building Piers ?
47.6341326,-122.3390325,LU040,Sternwheeler,Shipwreck,Big Wooden (sternwheeler),TBD,#N/A,30,Wood,Vessel,Shipwreck,Wood,"Shipwreck City has yet to explore this target. Based on available prior documentation, Shipwreck City currently believes this target to be a wood shipwreck, possibly a sternwheel vessel. This identification has not yet been independently confirmed. See below resources for additional information.",Yes,NA,TBD - Under Dock - Near Shore,30,Yes,Big Wooden (sternwheeler),https://www.coastalsensing.com/survey-target-logs-lake-union/tag/LU40,23,NA,yes,NA,NA,http://www.dcsfilms.com/Site_4/Long_wooden_Hull_Lake_Union.html,https://youtu.be/BbD_aqyLsvg?si=YTlziJQwVeUjIrJU,http://www.lakeunionhistory.org/Sternwheeler.html,no,no,NA,,,NA,No Footage,No Footage,The Lake Union Building Piers ?
47.6339031,-122.3394264,LU041,Sea Bee,Shipwreck,Sailboat,TBD - Under Dock - Near Shore,#N/A,,Wood,Vessel,Shipwreck,Wood,"Shipwreck City has yet to explore this target. Based on available prior documentation, Shipwreck City currently believes this target to be a wood shipwreck identified as the Sea Bee. This identification has not yet been independently confirmed. See below resources for additional information.",No,NA,90' x 18',,Yes,Sea Bee,https://www.coastalsensing.com/survey-target-logs-lake-union/tag/LU41,24,yes,NA,NA,personal sailboat,http://www.dcsfilms.com/Site_4/Sea_Bee.html,https://youtu.be/OvlHtjmf_Mo?si=JSx0ne8tbc2w-iZ7,NA,no,no,NA,,,NA,Historical Footage,Historical Footage,The Lake Union Building Piers ?
47.6320387,-122.3350086,LU042,JE Boyden,Shipwreck,Shipwreck,90' x 18',#N/A,40,Unknown,Vessel,Shipwreck,Wood,"Type: Vessel | Class: Shipwreck | Subclass: Wood
Shipwreck City Data
This target has been classified as a wood shipwreck, resting in 40 feet of water and measuring roughly 90 feet by 18 feet. The shipwreck rests upright on the lakebed, with much of the wooden hull and deck structure still intact and several areas opened or deteriorated enough to expose the interior. Visible features include outer hull planking, deck planking, several rectangular deck openings, exposed internal framing, and a prominent H-shaped timber bitt consisting of two upright posts joined by a heavy crosspiece. The wreck has been identified as the J.E. Boyden.

Prior Research and Theories
Previously, Coastal Sensing & Survey had classified this target as LU42. Described as the wreck of the J.E. Boyden. DCS Films had classified this target as the J.E. Boyden. Described as a wooden tug measuring approximately 85 feet long with a 19-foot beam. Lake Union Virtual Museum had classified this target as the J.E. Boyden. Described as a wooden tug, with documentation noting painted name lettering on the hull and an H-shaped timber bitt associated with the vessel’s towing equipment.

Additional Context
The J.E. Boyden was built in Seattle in 1888 and operated as a wooden steam tug. During its working life, the tug was used to tow sailing vessels, barges, and other maritime traffic throughout the region. The vessel transported or towed materials including coal, lumber, ore, railcars, and log booms. The J.E. Boyden remained in service for several decades before being abandoned in Lake Union in 1935. Its exact date of sinking is not presently known, though likely to be in 1935. Shipwreck City is actively researching this vessel's history and will provide more details as we learn more.",Yes,NA,TBD,40,Yes,Shipwreck,https://www.coastalsensing.com/survey-target-logs-lake-union/tag/LU42,19,yes,NA,85 x 19,"Built in 1888, Length 85 feet, Beam 19 feet, Depth of hold 10 feet, Abandoned 1935",http://www.dcsfilms.com/Site_4/JE_Boyden.html,"https://www.youtube.com/watch?v=-XQFBZqIbKc, https://www.youtube.com/watch?v=whyU9-AT9yM&t=176s",http://www.lakeunionhistory.org/Boyden.html,no,no,3June2026,,,NA,Updated Footage,Historical Footage,Boat
47.6330541,-122.3339975,LU043,Log and Standing Wood,Debris,Multiple Standing Objects - Posts?,TBD,#N/A,40,Unknown,Debris,Man Made,Mixed Materials,"Type: Debris | Class: Man Made | Subclass: Mixed Materials
Shipwreck City Data
This target has been classified as man-made mixed-material debris, resting in 40 feet of water. The site consists of wooden and metal debris scattered across the lakebed. Visible features include a large timber or log with a heavily splintered end, several additional wooden members, and a small folding anchor with curved flukes and line wrapped around portions of it. Smaller unidentified metal and wooden objects are also scattered nearby. We are unable to determine the original function of the wooden material or whether all of the visible debris is associated with a single structure or activity.

Prior Research and Theories
Previously, Coastal Sensing & Survey had classified this target as LU43. Described as a standing object of unknown type.",Yes,NA,Unknown,40,No,Multiple Standing Objects - Posts?,https://www.coastalsensing.com/survey-target-logs-lake-union/tag/LU43,NA,NA,NA,NA,NA,NA,,NA,no,no,3June2026,,,NA,First Footage,No Footage,Boat
47.6298058,-122.3366552,LU044,Long Log,Debris,Clean cut long log,Unknown,#N/A,40,Wood,Debris,Man Made,Wood,"Type: Debris | Class: Man Made | Subclass: Wood
Shipwreck City Data
This target has been classified as man-made wooden debris, resting in 40 feet of water. The site consists of a single large cut log that has broken into several sections lying low against the lakebed. Visible features include one end of the log that has sections with flat, sawn ends and areas where the wood has fractured or split apart. Some portions of the log are partially covered by sediment. We are unable to determine the original purpose of the log. 

Prior Research and Theories
Previously, Coastal Sensing & Survey had classified this target as LU44. Described as an unknown target.",Yes,NA,TBD - Broken apart,40,No,Unknown,https://www.coastalsensing.com/survey-target-logs-lake-union/tag/LU44,NA,NA,NA,NA,NA,NA,,NA,no,no,5May2026,,,NA,First Footage,No Footage,Boat
47.6292802,-122.3373286,LU045,Collapsed Wooden Boat,Shipwreck,Wooden Shipwreck,TBD - Broken apart,#N/A,40,Wood,Vessel,Shipwreck,Wood,"Type: Vessel | Class: Shipwreck | Subclass: Wood
Shipwreck City Data
This target has been classified as a wood shipwreck, resting in 40 feet of water. The wreck is heavily collapsed and dispersed across the lakebed, with much of the surviving wooden structure lying flat or at low angles. Visible features include extensive wooden planking, several large structural timbers, crossed wooden members, and a curved section of wood that may represent part of the hull or framing. A heavily encrusted upright metal fitting is also visible among the wreckage. We are unable to determine the vessel’s original configuration or orientation due to its condition. 

Prior Research and Theories
Previously, Coastal Sensing & Survey had classified this target as LU45. Described as an unknown sailboat.",No,NA,NA,40,No,Shipwreck,https://www.coastalsensing.com/survey-target-logs-lake-union/tag/LU45,NA,NA,NA,NA,NA,NA,,NA,no,no,5May2026,,,NA,First Footage,No Footage,Boat
47.6277745,-122.3382654,LU046,Bicycle and Scooter (Previous Buick Site),Shipwreck,Buick,NA,#N/A,NA,Unknown,Debris,Man Made,"Civilian , Mixed Materials , Metal","Type: Debris | Class: Man Made | Subclass: Mixed Materials
Shipwreck City Data
This target has been classified as man-made mixed-material debris. The site consists of a broad debris field with objects scattered across the lakebed. Visible features include bicycle components, two Lime eletric scooters, several long wooden boards or timbers, metal pipes and frame-like pieces, and additional unidentified metal and mixed-material debris. Smaller discarded objects are also present throughout the site.
Prior Research and Theories
Previously, Coastal Sensing & Survey had classified this target as LU46. Described as a Buick.",Yes,NA,TBD,NA,Yes,Buick,https://www.coastalsensing.com/survey-target-logs-lake-union/tag/LU46,NA,NA,NA,NA,NA,NA,,NA,no,no,5May2026,,,NA,No Footage,No Footage,MOHAI Park
47.6289373,-122.3333583,LU047,Possible Shipwreck,Shipwreck,Unknown,TBD,#N/A,40,Unknown,Debris,Man Made,Mixed Materials,"Shipwreck City has yet to explore this target. Based on available prior documentation, Shipwreck City currently believes this target to be man-made mixed-material debris, possibly associated with a shipwreck. This identification has not yet been independently confirmed. See below resources for additional information.",Yes,NA,TBD,40,No,Unknown,https://www.coastalsensing.com/survey-target-logs-lake-union/tag/LU47,NA,NA,NA,NA,NA,NA,,NA,no,no,NA,,,NA,No Footage,No Footage,Hampton Yacht Group Piers ?
47.6303026,-122.3339497,LU048,Barrel and Floating Rope,Unknown,Branch? with float,TBD,#N/A,40,Unknown,Debris,N/A,Unknown Material,"Shipwreck City has yet to explore this target. Based on available prior documentation, Shipwreck City currently believes this target to be debris of unknown material, possibly including a barrel and floating rope. This identification has not yet been independently confirmed. See below resources for additional information.",Yes,NA,TBD,40,No,Branch? with float,https://www.coastalsensing.com/survey-target-logs-lake-union/tag/LU48,NA,NA,NA,NA,NA,NA,,NA,no,no,3June2026,,,NA,First Footage,No Footage,Boat
47.6302222,-122.3316907,LU049,Possible Shipwreck,Unknown,Unknown debris - likely wreck,TBD,#N/A,NA,Unknown,Debris,N/A,Unknown Material,"Shipwreck City has yet to explore this target. Based on available prior documentation, Shipwreck City currently believes this target to be debris of unknown material, possibly associated with a shipwreck. This identification has not yet been independently confirmed. See below resources for additional information.",Yes,NA,TBD,NA,No,Unknown debris - likely wreck,https://www.coastalsensing.com/survey-target-logs-lake-union/tag/LU49,NA,NA,NA,NA,NA,NA,,NA,no,no,NA,,,NA,No Footage,No Footage,Moss Bay Piers ?
47.6311304,-122.330876,LU050,Possible Shipwreck,Unknown,Unknown,TBD,#N/A,40,Unknown,Undetermined,N/A,N/A,"Shipwreck City has yet to explore this target. Based on available prior documentation, Shipwreck City currently believes this target may be a shipwreck, though its classification remains undetermined. This interpretation has not yet been independently confirmed. See below resources for additional information.",Yes,NA,TBD,40,No,Unknown,https://www.coastalsensing.com/survey-target-logs-lake-union/tag/LU50,NA,NA,NA,NA,NA,NA,,NA,no,no,NA,,,NA,No Footage,No Footage,Fairview Marina
47.6311535,-122.3307273,LU051,Possible Shipwreck,Unknown,Unknown,TBD,#N/A,40,Unknown,Undetermined,N/A,N/A,"Shipwreck City has yet to explore this target. Based on available prior documentation, Shipwreck City currently believes this target may be a shipwreck, though its classification remains undetermined. This interpretation has not yet been independently confirmed. See below resources for additional information.",Yes,NA,5' x 4',40,No,Unknown,https://www.coastalsensing.com/survey-target-logs-lake-union/tag/LU51,NA,NA,NA,NA,NA,NA,,NA,no,no,NA,,,NA,No Footage,No Footage,Fairview Marina
47.6306745,-122.3330504,LU052,Small Metal Chest,Unknown,Unknown Square Debris Item,5' x 4',#N/A,40,Unknown,Debris,Man Made,Mixed Materials,"Type: Debris | Class: Man Made | Subclass: Mixed Materials
Shipwreck City Data
This target has been classified as man-made mixed-material debris, resting in 40 feet of water and measuring roughly 5 feet by 4 feet. The site consists primarily of a rectangular metal box-like object resting on the lakebed, with additional wooden debris nearby. Visible features include heavily corroded metal surfaces, several openings along the sides, and damaged metal panels across the top of the object. A large timber with visible bolt heads and additional wooden material lie nearby, though we are unable to determine whether the wooden debris is associated with the metal object. We are unable to determine the primary purpose of the metal box at this time. Shipwreck City is actively researching this target and will provide more details as we learn more.

Prior Research and Theories
Previously, Coastal Sensing & Survey had classified this target as LU52. Described as an unknown square debris item.",Yes,NA,TBD,40,No,Unknown Square Debris Item,https://www.coastalsensing.com/survey-target-logs-lake-union/tag/LU52,NA,NA,NA,NA,NA,NA,,NA,no,no,3June2026,,,NA,First Footage,No Footage,Boat
47.6310024,-122.3334431,LU053,Pilings,Unknown,Vertical Object (Piling?),TBD,#N/A,40,Unknown,Debris,Man Made,Wood,"Type: Debris | Class: Man Made | Subclass: Wood
Shipwreck City Data
This target has been classified as man-made wooden debris, resting in 40 feet of water. The site consists of several large upright wooden members extending from the lakebed, with additional broken wooden material nearby. Visible features include heavily deteriorated and splintered ends, numerous small holes and cavities across portions of the wood, and a thin upright metal rod positioned alongside one of the wooden members. The size, shape, and vertical position of the wooden members are consistent with pilings, though we are unable to determine their original function or whether all of the visible material belonged to the same structure.

Prior Research and Theories
Previously, Coastal Sensing & Survey had classified this target as LU53. Described as standing debris object of unknown type ",Yes,NA,24' x 4',40,No,Vertical Object (Piling?),https://www.coastalsensing.com/survey-target-logs-lake-union/tag/LU53,NA,NA,NA,NA,NA,NA,,NA,no,no,3June2026,,,NA,First Footage,No Footage,Boat
47.6324042,-122.331852,LU054,Debris Field,Unknown,Unknown Debris Item - Highly Reflective,24' x 4',#N/A,40,Unknown,Debris,Man Made,Mixed Materials,"Type: Debris | Class: Man Made | Subclass: Mixed Materials
Shipwreck City Data
This target has been classified as man-made mixed-material debris, resting in 40 feet of water. The site consists of scattered wooden and other unidentified material resting on and partially embedded in the lakebed. Visible features include several long wooden members lying along the lakebed, two shorter upright wooden posts, and a large cylindrical cut timber. Additional fragmented and heavily deteriorated material is scattered around the site. We are unable to determine whether all of the material is associated with a single structure or deposit.

Prior Research and Theories
Previously, Coastal Sensing & Survey had classified this target as LU54. Described as an unknown debris object.",Yes,NA,TBD - In Mud,40,No,Unknown Debris Item - Highly Reflective,https://www.coastalsensing.com/survey-target-logs-lake-union/tag/LU54,NA,NA,NA,NA,NA,NA,,NA,no,no,3June2026,,,NA,First Footage,No Footage,Boat
47.6327928,-122.3300995,LU055,Shipwreck,Barge,Barge,TBD - In Mud,#N/A,40,Unknown,Vessel,Barge Wreck,Unknown Material,"Shipwreck City has yet to explore this target. Based on available prior documentation, Shipwreck City currently believes this target to be a barge wreck of unknown material. This identification has not yet been independently confirmed. See below resources for additional information.",Yes,NA,70' x 40',40,No,Barge,https://www.coastalsensing.com/survey-target-logs-lake-union/tag/LU55,NA,NA,NA,NA,NA,NA,,NA,no,no,NA,,,NA,No Footage,No Footage,Lake Union Dry Dock Piers
47.6330204,-122.3302463,LU056,Shipwreck,Barge,Barge,70' x 40',#N/A,40,Unknown,Vessel,Barge Wreck,Unknown Material,"Shipwreck City has yet to explore this target. Based on available prior documentation, Shipwreck City currently believes this target to be a barge wreck of unknown material. This identification has not yet been independently confirmed. See below resources for additional information.",Yes,NA,TBD,40,No,Barge,https://www.coastalsensing.com/survey-target-logs-lake-union/tag/LU56,7?,yes,NA,90 x 30,"Legnth 90', Width 30', Height 4' and 3'",http://www.dcsfilms.com/Site_4/Lake_Union_barges.html,,NA,no,no,NA,,,NA,Historical Footage,Historical Footage,Lake Union Dry Dock Piers
47.633092,-122.3302082,LU057,Shipwreck(s) Debris Field,Unknown,Multiple Debris Objects Likely Broken Barge & Small Boat with General Debris,TBD,#N/A,40,Unknown,Vessel,Shipwreck,Unknown Material,"Shipwreck City has yet to explore this target. Based on available prior documentation, Shipwreck City currently believes this target to be a shipwreck of unknown material, possibly associated with a larger debris field. This identification has not yet been independently confirmed. See below resources for additional information.",Yes,NA,TBD - In Mud,40,No,Multiple Debris Objects Likely Broken Barge & Small Boat with General Debris,https://www.coastalsensing.com/survey-target-logs-lake-union/tag/LU57,NA,NA,NA,NA,NA,NA,,NA,no,no,NA,,,NA,No Footage,No Footage,Lake Union Dry Dock Piers
47.6330807,-122.3300736,LU058,Barge,Unknown,Barge or Dock,TBD - In Mud,#N/A,40,Unknown,Vessel,Barge Wreck,Unknown Material,"Shipwreck City has yet to explore this target. Based on available prior documentation, Shipwreck City currently believes this target to be a barge wreck of unknown material. This identification has not yet been independently confirmed. See below resources for additional information.",Yes,NA,TBD,40,No,Barge or Dock,https://www.coastalsensing.com/survey-target-logs-lake-union/tag/LU58,NA,NA,NA,NA,NA,NA,,NA,no,no,NA,,,NA,No Footage,No Footage,Lake Union Dry Dock Piers
47.6333148,-122.3302221,LU059,Shipwreck,Shipwreck,Shipwreck,TBD,#N/A,40,Unknown,Vessel,Shipwreck,N/A,"Shipwreck City has yet to explore this target. Based on available prior documentation, Shipwreck City currently believes this target to be a shipwreck of unknown material. This identification has not yet been independently confirmed. See below resources for additional information.",Yes,NA,NA,40,No,Shipwreck,https://www.coastalsensing.com/survey-target-logs-lake-union/tag/LU59,NA,NA,NA,NA,NA,NA,,NA,no,no,NA,,,NA,No Footage,No Footage,Lake Union Dry Dock Piers
47.633318,-122.3306252,LU060,"Cables, Tires, Drums",Debris,Cable Bundles Entangled Tires & Drums,NA,#N/A,40,Mixed (Debris),Debris,Man Made,N/A,"Shipwreck City has yet to explore this target. Based on available prior documentation, Shipwreck City currently believes this target to consist of man-made debris. This identification has not yet been independently confirmed. See below resources for additional information.",Yes,NA,TBD,40,No,Cable Bundles Entangled Tires & Drums,https://www.coastalsensing.com/survey-target-logs-lake-union/tag/LU60,NA,NA,NA,NA,NA,NA,,NA,no,no,NA,,,NA,No Footage,No Footage,Lake Union Dry Dock Piers
47.6327249,-122.3298278,LU061,Debris,Shipwreck,Unknown,TBD,#N/A,NA,Unknown,Debris,Unknown,N/A,"Shipwreck City has yet to explore this target. Based on available prior documentation, Shipwreck City currently believes this target to consist of unidentified debris. This identification has not yet been independently confirmed. See below resources for additional information.",Yes,NA,TBD,NA,No,Unknown,https://www.coastalsensing.com/survey-target-logs-lake-union/tag/LU61,NA,NA,NA,NA,NA,NA,,NA,no,no,NA,,,NA,No Footage,No Footage,Lake Union Dry Dock Piers
47.6325647,-122.3293027,LU062,Gypsy Queen (YMS105),Shipwreck,Yard Class Minesweeper,TBD,#N/A,40,Metal,Vessel,Shipwreck,Metal,"Shipwreck City has yet to explore this target. Prior documentation consistently identifies this target as the Gypsy Queen (YMS-105), a wood shipwreck. See below resources for additional information.",No,NA,TBD,40,Yes,Gypsy Queen (YMS105),https://www.coastalsensing.com/survey-target-logs-lake-union/tag/LU62,26,yes,NA,NA,NA,http://www.dcsfilms.com/Site_4/YMS_105.html,"https://youtu.be/i42ZglIl_LU?si=zPqSMah3WNudZxu2, https://youtu.be/ujMC8WAhbIg?si=DvhDF2FLjSPu3Rox",http://www.lakeunionhistory.org/Gypsy_Queen.html,no,no,NA,,,NA,Historical Footage,Historical Footage,Lake Union Dry Dock Piers
47.6322,-122.328933,LU063,Wooden Sloop,Shipwreck,Small wooden sloop,NA,n/a,,Wood,Vessel,Shipwreck,Wood,"Shipwreck City has yet to explore this target. Based on available prior documentation, Shipwreck City currently believes this target to be a wood shipwreck, possibly a sloop. This identification has not yet been independently confirmed. See below resources for additional information.",NA,NA,NA,NA,NA,NA,NA,27,yes,NA,NA,personal sailboat,http://www.dcsfilms.com/Site_4/Lake_Union_sloop.html,https://youtu.be/0sxbKmgkCqQ?si=hgwgDBTah-tQjFsL,NA,no,no,NA,NA,NA,NA,Historical Footage,Historical Footage,Lake Union Dry Dock Piers
47.6326797,-122.3288222,LU064,Wooden Pleasure Craft ( ___ANN),Shipwreck,Wooden Pleasure Craft,TBD,#N/A,40,Wood,Vessel,Shipwreck,Wood,"Shipwreck City has yet to explore this target. Based on available prior documentation, Shipwreck City currently believes this target to be a wood shipwreck, possibly a pleasure craft. This identification has not yet been independently confirmed. See below resources for additional information.",No,NA,NA,40,Yes,Wooden Pleasure Craft,https://www.coastalsensing.com/survey-target-logs-lake-union/tag/LU64,28,yes,NA,NA,pleasure craft ___ANN,http://www.dcsfilms.com/Site_4/Lake_Union_sloop.html,https://youtu.be/0sxbKmgkCqQ?si=FF8wBUAq9N8_ahtg,NA,no,no,NA,NA,NA,NA,Historical Footage,Historical Footage,Lake Union Dry Dock Piers
47.6325326,-122.3286632,LU065,Cannery Tender,Shipwreck,Cannery Tender,TBD,#N/A,40,Metal,Vessel,Shipwreck,Metal,"Shipwreck City has yet to explore this target. Based on available prior documentation, Shipwreck City currently believes this target to be a metal shipwreck identified as a cannery tender. This identification has not yet been independently confirmed. See below resources for additional information.",No,NA,NA,40,Yes,Cannery Tender,https://www.coastalsensing.com/survey-target-logs-lake-union/tag/LU65,29,yes,NA,NA,NA,http://www.dcsfilms.com/Site_4/Lake_Union_cannery_tender.html,"https://youtu.be/MPdt7ysqP_A?si=QgISx3mTvmRHL4Ll, https://youtu.be/j9EGgB4O8b8?si=uSLPfmQwepqfIZO9",http://www.lakeunionhistory.org/Cannery_Tender.html,no,no,NA,,,NA,Historical Footage,Historical Footage,Lake Union Dry Dock Piers
47.6310925,-122.3281916,LU066,Previous Harley Davidson Site,Vehicle,Stated to have been removed along with unnamed partial Barge with Bridge repair,NA,#N/A,15,Metal,Vessel,Car Wreck,Metal,"Type: Vessel | Class: Car Wreck | Subclass: Metal
Shipwreck City Data
This target has been classified as a metal car wreck, resting in 15 feet of water. No overall dimensions are currently recorded for the target. During Shipwreck City’s updated survey, the previously documented Harley-Davidson motorcycle was not located. The site currently consists of an electric bicycle and scattered debris resting on the lakebed. Visible features include the electric bicycle, a barrel, and a smaller cylindrical object. We are unable to determine whether these objects are associated with the previously documented motorcycle site.

Prior Research and Theories
Previously, Coastal Sensing & Survey had classified this target as LU66. Described as a Harley-Davidson motorcycle and noted that SDOT claimed it would be removed as part of the Eastlake Way Bridge project. DCS Films had classified this target as Target 25. Described as a Harley-Davidson motorcycle.

Additional Context
Coastal Sensing & Survey reported that SDOT planned to remove the Harley-Davidson motorcycle as part of the Eastlake Way Bridge project. Shipwreck City’s later survey did not locate the motorcycle, making removal as part of the project a likely explanation.",No,NA,TBD,15,Yes,Stated to have been removed along with unnamed partial Barge with Bridge repair,https://www.coastalsensing.com/survey-target-logs-lake-union/tag/LU66,25,yes,NA,NA,motorcycle,http://www.dcsfilms.com/Site_4/Harley_Davidson.html,https://vimeo.com/23784248?fl=pl&fe=sh,NA,no,no,3June2026,,,NA,Updated Footage,Historical Footage,Next to LUDD
47.6336477,-122.3280893,LU067,Likely Barge,Unknown,Likely Barge,TBD,#N/A,40,Unknown,Vessel,Barge Wreck,Unknown Material,"Shipwreck City has yet to explore this target. Based on available prior documentation, Shipwreck City currently believes this target to be a barge wreck of unknown material. This identification has not yet been independently confirmed. See below resources for additional information.",Yes,NA,TBD,40,No,Likely Barge,https://www.coastalsensing.com/survey-target-logs-lake-union/tag/LU67,NA,NA,NA,NA,NA,NA,,NA,no,no,NA,,,NA,No Footage,No Footage,Lake Union Dry Dock Piers
47.6339252,-122.3279334,LU068,Likely Barge,Barge,Barge,TBD,#N/A,40,Unknown,Vessel,Barge Wreck,Unknown Material,"Shipwreck City has yet to explore this target. Based on available prior documentation, Shipwreck City currently believes this target to be a barge wreck of unknown material. This identification has not yet been independently confirmed. See below resources for additional information.",Yes,NA,28' x 8',40,No,Barge,https://www.coastalsensing.com/survey-target-logs-lake-union/tag/LU68,NA,NA,NA,NA,NA,NA,,NA,no,no,NA,,,NA,No Footage,No Footage,Lake Union Dry Dock Piers
47.6356183,-122.3323852,LU069,Collapsed Wooden Boat,Shipwreck,Boat Partially in Mud,28' x 8',#N/A,40,Unknown,Vessel,Shipwreck,Wood,"Shipwreck City has yet to explore this target. Based on available prior documentation, Shipwreck City currently believes this target to be a wood shipwreck. This identification has not yet been independently confirmed. See below resources for additional information.",Yes,NA,NA,40,No,Boat Partially in Mud,https://www.coastalsensing.com/survey-target-logs-lake-union/tag/LU69,NA,NA,NA,NA,NA,NA,,NA,no,no,2June2026,,,NA,First Footage,No Footage,Boat
47.6344759,-122.329419,LU070,Ladder Debris Field,Debris,Dry Dock Debris - Multiple Ladders - Possible Barge Tucked under Dock,NA,#N/A,40,Metal,Debris,Man Made,Metal,"Shipwreck City has yet to explore this target. Based on available prior documentation, Shipwreck City currently believes this target to be man-made metal debris. This identification has not yet been independently confirmed. See below resources for additional information.",Yes,NA,TBD,40,No,Dry Dock Debris - Multiple Ladders - Possible Barge Tucked under Dock,https://www.coastalsensing.com/survey-target-logs-lake-union/tag/LU70,NA,NA,NA,NA,NA,NA,,NA,no,no,NA,,,NA,No Footage,No Footage,Lake Union Dry Dock Piers
47.6363333,-122.3298851,LU071,Pleasure Craft,Unknown,Hard Return - Poor Image far Under Dock,TBD,#N/A,40,Unknown,Vessel,Shipwreck,Metal,"Shipwreck City has yet to explore this target. Based on available prior documentation, Shipwreck City currently believes this target to be a metal shipwreck. This identification has not yet been independently confirmed. See below resources for additional information.",No,NA,9' x 5',40,No,Hard Return - Poor Image far Under Dock,https://www.coastalsensing.com/survey-target-logs-lake-union/tag/LU71,NA,NA,NA,NA,NA,NA,,NA,no,no,2June2026,,,NA,First Footage,No Footage,Terry Pettus Park
47.6364877,-122.333441,LU072,Debris,Unknown,Unknown Debris Item with Cable. Looks like two small boats on Lowrance Data - Better angle.,9' x 5',#N/A,40,Unknown,Debris,Unknown,N/A,"Shipwreck City has yet to explore this target. Based on available prior documentation, Shipwreck City currently believes this target to consist of unidentified debris. This identification has not yet been independently confirmed. See below resources for additional information.",Yes,NA,12',40,No,Unknown Debris Item with Cable. Looks like two small boats on Lowrance Data - Better angle.,https://www.coastalsensing.com/survey-target-logs-lake-union/tag/LU72,NA,NA,NA,NA,NA,NA,,NA,no,no,NA,,,NA,No Footage,No Footage,Boat
47.6370577,-122.3339546,LU073,Possible Airplane Drop Tank,Unknown,Unknown Debris Item. Possible small Boat.,12',#N/A,40,Unknown,Debris,Plane Wreck,Metal,"Type: Debris | Class: Plane Wreck | Subclass: Metal
Shipwreck City Data
This target has been classified as metal debris, resting in 40 feet of water and measuring roughly 12 feet in length. The object has been identified as an aircraft drop tank. It lies on its side and is partially settled into the lakebed and has sustained significant damage and is broken in the middle. A prominent horizontal seam runs along the tank's midline, and there is a circular fitting near the damaged section. The seam is consistent with the joined halves used in the construction of aircraft drop tanks, while the circular fitting may be associated with the fuel plumbing that connected the tank to the aircraft. The tapered cylindrical form, horizontal seam, and circular fitting support the identification as an aircraft drop tank. We are unable to determine the circumstances by which the tank entered Lake Union. 

Prior Research and Theories
Previously, Coastal Sensing & Survey had classified this target as LU73. Described as a kayak.

Additional Context
Aircraft drop tanks are external fuel tanks designed to extend an aircraft's range and could be released when no longer needed. They were expendable by nature and made from a lightweight construction. Post World War II aircraft drop tanks were used for other purposes such as floats, small sail boats, and racecars. Shipwreck City is actively researching this object's history and will provide more details as we learn more.",Yes,NA,35',40,No,Unknown Debris Item. Possible small Boat.,https://www.coastalsensing.com/survey-target-logs-lake-union/tag/LU73,NA,NA,NA,NA,NA,NA,,NA,no,no,2June2026,,,NA,First Footage,No Footage,Boat
47.6384343,-122.3315968,LU074,Bulwarks Boat,Shipwreck,Bulwarks Boat,35',#N/A,4.5,Unknown,Vessel,Shipwreck,Wood,"Type: Vessel | Class: Shipwreck | Subclass: Wood
Shipwreck City Data
This target has been classified as a wood shipwreck, resting in 4 feet of water and measuring roughly 35 feet in length. The wreck is heavily collapsed and lies low against the lakebed, with much of the wooden structure broken apart and dispersed around the site. Visible features include sections of outer hull planking, exposed ribs and internal framing, long wooden structural members, and detached sections of planking lying across and alongside the wreck. Additional wooden material and other debris are present on and around the wreck, though we are unable to determine whether all of this material is associated with the original vessel. The collapsed condition of the wreck prevents a complete measurement of its overall dimensions.

Prior Research and Theories
Previously, Coastal Sensing & Survey had classified this target as LU74. Described as a boat called the Bulwarks Boat.",Yes,NA,TBD,4.5,Yes,Bulwarks Boat,https://www.coastalsensing.com/survey-target-logs-lake-union/tag/LU74,NA,NA,NA,NA,NA,NA,,NA,no,no,2June2026,,,NA,First Footage,No Footage,Flo Villa Houseboat Pier ?
47.6393933,-122.3340273,LU075,Wooden Debris,Unknown,TBD,TBD,#N/A,40,Unknown,Debris,Man Made,Wood,"Type: Debris | Class: Man Made | Subclass: Wood
Shipwreck City Data
This target has been classified as man-made wood debris, resting in 40 feet of water. The target lies flat against the lakebed and consists primarily of two long rectangular cut wooden members positioned side by side and appearing to be connected. Visible features include smaller metal fittings or fasteners attached along the outside of the wood and a length of rope or line that appears to be connected to the wooden assembly. Additional debris nearby includes a metal pipe, though we are unable to determine whether it is associated with the target. We are unable to determine the original purpose of the wooden structure from the available evidence.

Prior Research and Theories
Previously, Coastal Sensing & Survey had classified this target as LU75. Described as an unknown target.",Yes - Need HR Scan,NA,24' x 8',40,No,TBD,https://www.coastalsensing.com/survey-target-logs-lake-union/tag/LU75,NA,NA,NA,NA,NA,NA,,NA,no,no,2June2026,,,NA,First Footage,No Footage,Boat
47.6401027,-122.3327699,LU076,DARE-LES (WN 3986 D),Shipwreck,Fiberglass boat with cabin,24' x 8',#N/A,40,Fiberglass,Vessel,Shipwreck,Fiberglass,"Type: Vessel | Class: Shipwreck | Subclass: Fiberglass
Shipwreck City Data
This target has been classified as a fiberglass shipwreck, resting in 40 feet of water and measuring roughly 24 feet by 8 feet. The shipwreck sits upright on the lakebed, with the hull and much of the cabin structure remaining intact. The shipwreck has been identified as DARE-LES, with the name and Seattle homeport visible on the hull. The registration marking WN 3986 D is also visible near the bow. Visible features include the bow, surviving deck surfaces, the gunwale and hull-to-deck edge, a standing cabin or deckhouse, circular portlights, rectangular window and doorway openings, an open cockpit area, and visible interior bulkheads and structural members.
Prior Research and Theories
Previously, Coastal Sensing & Survey had classified this target as LU76. Described as an unknown wreck.",Yes,NA,25' x 4',40,No,Shipwreck,https://www.coastalsensing.com/survey-target-logs-lake-union/tag/LU76,NA,NA,NA,NA,NA,NA,,NA,no,no,6May2026,,,NA,First Footage,No Footage,Boat
47.6401985,-122.3329749,LU077,Small Wooden Boat,Shipwreck,Small wooden boat,25' x 4',#N/A,40,Unknown,Vessel,Shipwreck,Wood,"Type: Vessel | Class: Shipwreck | Subclass: Wood
Shipwreck City Data
This target has been classified as a wood shipwreck, resting in 40 feet of water and measuring roughly 25 feet by 4 feet. The wreck sits low against the lakebed, with much of the interior filled with sediment and little deck structure remaining. Visible features include long sections of hull planking, exposed wooden structural members, and an upper longitudinal edge that may represent the gunwale and capping. Portions of the surviving hull rise above the surrounding lakebed, while other sections are partially buried. We are unable to determine the bow and stern from the available footage due to the condition of the wreck.

Prior Research and Theories
Previously, Coastal Sensing & Survey had classified this target as LU77. Described as an unknown object.",Yes,NA,35',40,No,Dock Section,https://www.coastalsensing.com/survey-target-logs-lake-union/tag/LU77,NA,NA,NA,NA,NA,NA,,NA,no,no,6May2026,,,NA,First Footage,No Footage,Boat
47.6402997,-122.3322915,LU078,Betty W.,Shipwreck,35' wooden vessel with cabin,35',#N/A,40,Wood,Vessel,Shipwreck,Wood,"Type: Vessel | Class: Shipwreck | Subclass: Wood
Shipwreck City Data
This target has been classified as a wood shipwreck, resting in 40 feet of water. The vessel rests upright on the lakebed, with much of the hull remaining intact while portions of the deck and upper structure have deteriorated or collapsed. Visible features include a defined bow and bow stem, surviving outer hull planking, sections of deck planking, exposed internal framing, and several large deck openings. A cabin structure remains standing, with a doorway, large rectangular openings, interior partitions, and circular portholes visible along side of the hull. A heavily encrusted metal fitting or machinery component with several rounded projections is also visible on the deck, though its original function cannot currently be determined. Additional structural material and debris are present within the vessel.

Prior Research and Theories
Previously, Coastal Sensing & Survey had classified this target as LU78. Described as the wreck of the 35-foot sailing vessel Betty W.

Additional Context 
Shipwreck City is unable to verify whether this vessel is the Betty W. Shipwreck City is actively researching this object's history and will provide more details as we learn more.",Yes,NA,NA,40,Yes,35' sailing vessel,https://www.coastalsensing.com/survey-target-logs-lake-union/tag/LU78,NA,NA,NA,NA,NA,NA,,NA,no,no,6May2026,,,NA,First Footage,No Footage,Boat
47.6423027,-122.3324875,LU079,Debris field,Unknown,Unknown Debris Item - possibly near net or tarp in mud.,NA,#N/A,40,Unknown,Debris,Unknown,Mixed Materials,"Type: Debris | Class: Unknown | Subclass: Mixed Materials
Shipwreck City Data
This target has been classified as unknown debris, resting in 40 feet of water. The site consists of several separate objects lying on the lakebed rather than a single clearly identifiable structure. Visible features include a flat rectangular object that looks to be some type of cushion or pillow, a dense tangled mass of mixed material that may include netting or line, and several smaller pieces of debris nearby. We are unable to determine the materials, original functions, or whether the objects are associated with one another.

Prior Research and Theories
Previously, Coastal Sensing & Survey had classified this target as LU79. Described as an unknown debris item.",Yes,NA,NA,40,No,Unknown Debris Item - possibly near net or tarp in mud.,https://www.coastalsensing.com/survey-target-logs-lake-union/tag/LU79,NA,NA,NA,NA,NA,NA,,NA,no,no,6May2026,,,NA,First Footage,No Footage,Boat
47.642335,-122.3322265,LU080,Debris field,Unknown,Unknown Debris Items with Elevation,NA,#N/A,40,Unknown,Debris,Unknown,Mixed Materials,"Type: Debris | Class: Unknown | Subclass: Mixed Materials
Shipwreck City Data
This target has been classified as unknown debris, resting in 40 feet of water. The site consists of several separate objects lying on the lakebed rather than a single clearly identifiable structure. Visible features include dense tangled mass of mixed material that may include netting or line, and several smaller pieces of debris nearby. We are unable to determine the materials, original functions, or whether the objects are associated with one another.

Prior Research and Theories
Previously, Coastal Sensing & Survey had classified this target as LU80. Described as an unknown debris item.",Yes,NA,TBD,40,No,Unknown Debris Items with Elevation,https://www.coastalsensing.com/survey-target-logs-lake-union/tag/LU80,NA,NA,NA,NA,NA,NA,,NA,no,no,6May2026,,,NA,First Footage,No Footage,Boat
47.6429257,-122.3300108,LU081,Small Metal Boat with Docks,Shipwreck,Small Metal Boat with sunken docks nearby,TBD,#N/A,NA,Metal,Vessel,Shipwreck,Metal,"Type: Vessel | Class: Shipwreck | Subclass: Metal
Shipwreck City Data
This target has been classified as a metal shipwreck, resting at a depth that has not yet been determined. The vessel is heavily deteriorated and partially surrounded by collapsed structural material on the lakebed. Visible features include sections of heavily corroded metal which appears to be part of the main hull, a large upright metal panel, a rectangular recessed fitting or opening, and several additional metal fragments that are partially buried or obscured by encrustation. A section of metal grating or mesh is also visible among the debris. Nearby wooden remains include substantial squared timbers, parallel planking, and other structural members lying across the lakebed that appear consistent with collapsed dock or waterfront infrastructure. We are unable to determine from the available footage whether these wooden remains are directly associated with the vessel.

Prior Research and Theories
Previously, Coastal Sensing & Survey had classified this target as LU81. Described as an unknown boat.

Additional Context
Shipwreck City is actively researching this shipwreck's history and will provide more details as we learn more.",Yes,NA,TBD,NA,No,Small Boat - Need new scan,https://www.coastalsensing.com/survey-target-logs-lake-union/tag/LU81,NA,NA,NA,NA,NA,NA,,NA,no,no,6May2026,,,NA,First Footage,No Footage,Chinook Lake Union Boat Moorage
47.6532356,-122.3243413,LU082,Work Boat,Shipwreck,"Unknown work boat, with wood / concrete dock adjacent",TBD,#N/A,35,Metal,Vessel,Shipwreck,Mixed Materials,"Type: Vessel | Class: Shipwreck | Subclass: Mixed Materials
Shipwreck City Data
This target has been classified as a mixed-material shipwreck, resting in 35 feet of water. The wreck is partially collapsed, with substantial structural material remaining upright and additional sections lying across the surrounding lakebed. Visible features include heavy wooden structural timbers, sections of planking, several upright framing elements, and a large circular collar or pipe-like fitting mounted through a flat structural surface. Long parallel members are also visible along one section of the wreck and may represent rubbing strakes or other hull reinforcement. A heavy chain with large links is draped across one of the timbers. 

Prior Research and Theories
Previously, Coastal Sensing & Survey had classified this target as LU82. Described as unknown debris and possibly a wreck.",Yes,NA,TBD,35,No,Unknown Wreckage - Likely Boat,https://www.coastalsensing.com/survey-target-logs-lake-union/tag/LU82,NA,NA,NA,NA,NA,NA,,NA,no,no,4May2026,,,NA,First Footage,No Footage,Ivar's Salmon House
47.653416,-122.323888,LU083,Small Wood Barge,Barge,Barge and Debris Against Bulkhead,TBD,#N/A,20,Wood,Vessel,Barge Wreck,Wood,"Type: Vessel | Class: Barge Wreck | Subclass: Wood
Shipwreck City Data
This target has been classified as a wood barge wreck, resting in 20 feet of water. The wreck sits among additional structural debris near a bulkhead, with portions of the wooden structure lying flat against the lakebed and other sections remaining partially upright. Visible features include broad sections of wooden planking, a cleat attached to the surviving structure. Lengths of rope and other strap-like material are draped across portions of the wreckage. A substantial structural element with several holes or openings is also visible, though its original function cannot currently be determined. Aquatic growth and sediment obscure portions of the site.

Prior Research and Theories
Previously, Coastal Sensing & Survey had classified this target as LU83. Described as a barge beneath a commercial mooring area in shallow water.",Yes,NA,24' x 12',20,No,Barge and Debris Against Bulkhead,https://www.coastalsensing.com/survey-target-logs-lake-union/tag/LU83,NA,NA,NA,NA,NA,NA,,NA,no,no,4May2026,,,NA,First Footage,No Footage,Ivar's Salmon House
47.6526364,-122.3266395,LU084,Metal Barge,Barge,Barge near end of Dock Pilings & Stormwater Outfall,24' x 12',#N/A,30,Metal,Vessel,Barge Wreck,Metal,"Type: Vessel | Class: Barge Wreck | Subclass: Metal
Shipwreck City Data
This target has been classified as a metal barge wreck, resting in 30 feet of water and measuring roughly 24 feet by 12 feet. The wreck is located near dock pilings and a stormwater outfall. Visible features include sections of the metal structure, a wheeled metal frame with curved extensions, a circular fitting, a length of chain, and nearby wooden structural material. Some portions of the metal structure are heavily encrusted and show areas of orange corrosion. Additional debris and a wooden piling are visible around the site.

Prior Research and Theories
Previously, Coastal Sensing & Survey had classified this target as LU84. Described as a barge near the end of dock pilings and a stormwater outfall.",Yes,NA,TBD,30,No,Barge near end of Dock Pilings & Stormwater Outfall,https://www.coastalsensing.com/survey-target-logs-lake-union/tag/LU84,NA,NA,NA,NA,NA,NA,,NA,no,no,4May2026,,,NA,First Footage,No Footage,boat
47.6295167,-122.3319167,LU085,Gypsy Trader,Shipwreck,Shipwreck,TBD,#N/A,40,Unknown,Vessel,Shipwreck,Wood,Shipwreck City has yet to explore this target. Prior documentation consistently identifies this target as the wood shipwreck Gypsy Trader. Shipwreck City has not yet independently documented the wreck. See below resources for additional information.,Yes,NA,14' x 4.5',40,Yes,Shipwreck,https://www.coastalsensing.com/survey-target-logs-lake-union/tag/LU85,26,no?,NA,NA,NA,http://www.dcsfilms.com/Site_4/gypsy_trader.html,,NA,no,no,NA,,,NA,Historical Footage,Historical Footage,Moss Bay Piers ?
47.6398464,-122.3326612,LU086,Small Wooden Boat,Shipwreck,Small wooden boat,14' x 4.5',#N/A,40,Wood,Vessel,Shipwreck,Wood,"Type: Vessel | Class: Shipwreck | Subclass: Wood
Shipwreck City Data
This target has been classified as a wood shipwreck, resting in 40 feet of water and measuring roughly 14 feet by 4.5 feet. The shipwreck sits low and is partially embedded in the lakebed, with much of the hull heavily deteriorated. Visible features include surviving sections of the vessel’s outer framing and limited remnants of the hull structure. Much of the remaining structure is obscured by sediment.

Prior Research and Theories
Previously, Coastal Sensing & Survey had classified this target as LU86. Described as a small boat partially in the mud.",Yes,NA,14',40,No,Row Boat,https://www.coastalsensing.com/survey-target-logs-lake-union/tag/LU86,NA,NA,NA,NA,NA,NA,,NA,no,no,6May2026,,,NA,First Footage,No Footage,Boat
47.6321552,-122.3309114,LU087,Kayak (Resonance Brand),Shipwreck,Kayak,14',#N/A,40,Unknown,Vessel,Shipwreck,"N/A, Fiberglass","Type: Vessel | Class: Shipwreck | Subclass: Fiberglass
Shipwreck City Data
This target has been classified as a fiberglass shipwreck, resting in 40 feet of water, with a recorded dimension of 14 feet. The kayak sits upright on the lakebed, with the hull remaining largely intact. The kayak has been identified as a Resonance brand kayak, with the name “Resonance - Canoe & Kayak” visible along the hull. Visible features include an open seat, bungee cord rigging crossing the foredeck, and a red rubrail running along the hull edge.

Prior Research and Theories
Previously, Coastal Sensing & Survey had classified this target as LU87. Described as a kayak. In August 2026, photographs of the kayak were shared on Reddit in an effort to identify the manufacturer, model, and approximate date of manufacture. Responses offered several possible dates and noted that a hull identification number near the stern could provide information about the year of manufacture, though no model or manufacturing date has been independently confirmed.

Additional Context
The surviving Resonance branding, hull construction, seat, rigging, and other manufactured features may provide useful evidence for identifying the kayak further. Shipwreck City is actively researching this object's history and will provide more details as we learn more.",Yes,NA,45' x 15',40,No,Kayak,https://www.coastalsensing.com/survey-target-logs-lake-union/tag/LU87,NA,NA,NA,NA,NA,NA,,NA,no,no,3June2026,,,NA,First Footage,No Footage,Boat
47.6417884,-122.3415698,LU088,Possible Sailboat,Shipwreck,Large vessel under dock possible sailboat,45' x 15',#N/A,40,Unknown,Vessel,Unknown,N/A,"Shipwreck City has yet to explore this target. Based on available prior documentation, Shipwreck City currently believes this target may be a sailboat. This identification has not yet been independently confirmed. See below resources for additional information.",Yes,NA,TBD,40,No,Large vessel under dock possible sailboat,https://www.coastalsensing.com/survey-target-logs-lake-union/tag/LU88,NA,NA,NA,NA,NA,NA,,NA,no,no,NA,,,NA,No Footage,No Footage,Signature Yachts Pier ?
47.6444762,-122.3421089,LU089,Debris field,Shipwreck,Shipwreck - Odd angle on sonar,TBD,#N/A,40,Unknown,Debris,Man Made,Mixed Materials,"Type: Debris | Class: Man Made | Subclass: Mixed Materials
Shipwreck City Data
This target has been classified as man-made debris, resting in 40 feet of water. No overall dimensions are currently recorded for the target. The site consists of a dispersed debris field with several larger objects and smaller material resting across the lakebed. Visible features include a large timber with rope and several metal attachments along one edge, multiple tires, and additional unidentified debris. A larger bent structural section, which appears to be either wood or metal, is also visible with two white circular objects attached to outer body. This section may represent part of a vessel structure, though we are unable to determine its original function. While several objects within the debris field could be associated with a vessel, there is currently not enough evidence to classify the site as a shipwreck.

Prior Research and Theories
Previously, Coastal Sensing & Survey had classified this target as LU89. Described as an unknown debris item.",Yes,NA,24' x8',40,No,Shipwreck - Odd angle on sonar,https://www.coastalsensing.com/survey-target-logs-lake-union/tag/LU89,NA,NA,NA,NA,NA,NA,,NA,no,no,2June2026,,,NA,First Footage,No Footage,Boat
47.6456063,-122.346392,LU090,Shipwerck,Shipwreck,Shipwreck,24' x8',#N/A,40,Unknown,Vessel,Unknown,N/A,"Shipwreck City has yet to explore this target. Based on available prior documentation, Shipwreck City currently believes this target may be a shipwreck. This identification has not yet been independently confirmed. See below resources for additional information.",Yes,NA,35' x 8',40,No,Shipwreck,https://www.coastalsensing.com/survey-target-logs-lake-union/tag/LU90,NA,NA,NA,NA,NA,NA,,NA,no,no,NA,,,NA,No Footage,No Footage,The Old Boathouse ?
47.6456792,-122.3465488,LU091,Shipwreck,Shipwreck,Shipwreck,35' x 8',#N/A,40,Unknown,Vessel,Unknown,N/A,"Shipwreck City has yet to explore this target. Based on available prior documentation, Shipwreck City currently believes this target may be a shipwreck. This identification has not yet been independently confirmed. See below resources for additional information.",Yes,NA,25',40,No,Shipwreck,https://www.coastalsensing.com/survey-target-logs-lake-union/tag/LU91,NA,NA,NA,NA,NA,NA,,NA,no,no,NA,,,NA,No Footage,No Footage,The Old Boathouse ?
47.6457612,-122.3466827,LU092,Shipwreck,Shipwreck,Shipwreck,25',#N/A,40,Unknown,Vessel,Unknown,N/A,"Shipwreck City has yet to explore this target. Based on available prior documentation, Shipwreck City currently believes this target may be a shipwreck. This identification has not yet been independently confirmed. See below resources for additional information. ",Yes,NA,12' x 5',40,No,Shipwreck,https://www.coastalsensing.com/survey-target-logs-lake-union/tag/LU92,NA,NA,NA,NA,NA,NA,,NA,no,no,NA,,,NA,No Footage,No Footage,The Old Boathouse ?
47.6453658,-122.3466169,LU093,Shipwreck,Shipwreck,Shipwreck - Small tender,12' x 5',#N/A,40,Unknown,Vessel,Unknown,N/A,"Shipwreck City has yet to explore this target. Based on available prior documentation, Shipwreck City currently believes this target may be a shipwreck. This identification has not yet been independently confirmed. See below resources for additional information.",Yes,NA,14,40,No,Shipwreck - Small tender,https://www.coastalsensing.com/survey-target-logs-lake-union/tag/LU93,NA,NA,NA,NA,NA,NA,,NA,no,no,NA,,,NA,No Footage,No Footage,The Old Boathouse ?
47.6414172,-122.3335132,LU094,Fiberglass Rowboat,Shipwreck,Unknown Fiberglass Rowboat / Canoe,14,#N/A,40,Unknown,Vessel,Shipwreck,Fiberglass,"Type: Vessel | Class: Shipwreck | Subclass: Fiberglass
Shipwreck City Data
This target has been classified as a fiberglass shipwreck, resting in 40 feet of water and measuring roughly 14 feet in length. The fiberglass shipwreck rests upright on the lakebed, with much of the hull and interior structure remaining intact. Visible features include a pointed bow, flat stern, gunwales, and several transverse bench seats or thwarts spanning the interior of the hull.

Prior Research and Theories
Previously, Coastal Sensing & Survey had classified this target as LU94. Described as a canoe.",Yes,NA,15' x 6',40,No,Canoe,https://www.coastalsensing.com/survey-target-logs-lake-union/tag/LU94,NA,NA,NA,NA,NA,NA,,NA,no,no,6May2026,,,NA,First Footage,No Footage,Boat
47.64058,-122.33444,LU095,Wooden Boat,Shipwreck,Wooden boat,15' x 6',#N/A,40,Wood,Vessel,Shipwreck,Wood,"Type: Vessel | Class: Shipwreck | Subclass: Wood
Shipwreck City Data
This target has been classified as a wood shipwreck, resting in 40 feet of water and measuring roughly 15 feet by 6 feet. The wood shipwreck rests upright and retains much of its overall hull form. Visible features include gunwales, outer and interior hull planking, several transverse wooden beams that appear to be thwarts or bench supports. Loose unidentifiable debris is visible within the hull.

Prior Research and Theories
Previously, Coastal Sensing & Survey had classified this target as LU95. Described as one of two row boats located in an area of the lake containing dumped debris and cable.",Yes,NA,14' x 4.5',40,No,Dinghy,https://www.coastalsensing.com/survey-target-logs-lake-union/tag/LU95,NA,NA,NA,NA,NA,NA,,NA,no,no,"5May2026, 6May2026",,,NA,First Footage,No Footage,Boat
47.6405827,-122.3344565,LU096,Fiberglass Boat (WN 7352 JD),Shipwreck,Fiberglass boat,14' x 4.5',#N/A,40,Fiberglass,Vessel,Shipwreck,Metal,"Type: Vessel | Class: Shipwreck | Subclass: Fiberglass
Shipwreck City Data
This target has been classified as a fiberglass shipwreck, resting in 40 feet of water and measuring roughly 14 feet by 4.5 feet. The small boat rests upright on the lakebed, with portions of the interior damaged and several structural components displaced or separated from the hull. Visible features include the white fiberglass hull, a light blue band running along the upper exterior, surviving sections of the gunwale, bench or seat-like structures, and loose fiberglass panels and other material within the boat. The registration number WN 7352 JD remains visible on the exterior of the hull. Aquatic growth and encrustation are present along portions of the hull and exposed surfaces.

Prior Research and Theories
Previously, Coastal Sensing & Survey had classified this target as LU96. Described as one of two rowboats located in an area containing dumped debris and cable.

Additional Context
Shipwreck City has begun researching the vessel's registration and ownership history using the surviving WN 7352 JD registration number. As part of this research, a public records request was submitted to the Port of Seattle. Port staff reported that they were unable to locate records extending far enough back to identify the vessel and noted that, if it was a recreational boat, it was unlikely to have been based at Fishermen's Terminal before approximately 2003 because recreational vessels were not permitted there at that time. Shipwreck City is actively researching this vessel's history and will provide more details as we learn more.",Yes,NA,NA,40,No,Dinghy,https://www.coastalsensing.com/survey-target-logs-lake-union/tag/LU96,NA,NA,NA,NA,NA,NA,,NA,no,no,"5May2026, 6May2026",,,NA,First Footage,No Footage,Boat
47.6530563,-122.3235765,LU097,Cables,Infrastructure,Cable Area,NA,#N/A,20,Mixed (Debris),Debris,Man Made,Mixed Materials,"Type: Debris | Class: Man Made | Subclass: Mixed Materials
Shipwreck City Data
This target has been classified as man-made debris, resting in 20 feet of water. The site consists of multiple lengths of exposed cable spread across the lakebed, with several sections crossing or running alongside one another. Visible features include large cable-like lengths partially embedded in sediment, smaller loops and coils of material, several bent metal components, and a concentrated cluster of intertwined cable and other debris. Some sections extend beyond the area documented in the available footage, suggesting the cable field continues across a broader portion of the lakebed.

Prior Research and Theories
Previously, Coastal Sensing & Survey had classified this target as LU97. Described as exposed cables within the cable area.",Yes,NA,NA,20,No,Cable Area,https://www.coastalsensing.com/survey-target-logs-lake-union/tag/LU97,NA,NA,NA,NA,NA,NA,,NA,no,no,4May2026,,,NA,First Footage,No Footage,Ivar's Salmon House
47.64503173,-122.3373284,LU098,Pleasure Craft,Shipwreck,Pleasure craft,24 x 8,#N/A,23,Metal,Vessel,Shipwreck,Mixed Materials,"Type: Vessel | Class: Shipwreck | Subclass: Mixed Materials
Shipwreck City Data
This target has been classified as a mixed materials shipwreck, resting in 23 feet of water and measuring roughly 24 feet by 8 feet. The vessel sits upright on the lakebed, though much of the upper structure has collapsed or is missing, leaving the interior exposed. Visible features include the broad fiberglass hull, a raised cabin with several rectangular window openings, surviving sections of metal railing, a cleat and additional latches, fittings, and attachment hardware along the hull and deck. A projecting metal component near one end of the vessel is presumed to be an anchor, though its configuration is partially obscured by growth. The surviving cabin arrangement and overall hull form are consistent with a small cruising or recreational vessel, though the vessel's make, model, and identity have not yet been established.

Prior Research and Theories
No prior documentation from Coastal Sensing & Survey, DCS Films, or the Lake Union Virtual Museum has been identified for this target.",No,NA,NA,23,No,NA,NA,NA,NA,NA,NA,NA,NA,,NA,yes,yes,13Dec2025,,,https://www.youtube.com/watch?v=MPLPYdXKrpQ,First Footage,No Footage,Gas Works Park
47.66586737,-122.3910028,LU099,"Onondaga (Arctic Explorer, WPG-79)",Shipwreck,Coast Guard Cutter (light ice breaker),165 x 36,#N/A,4,Metal,Vessel,Shipwreck,Metal,"Type: Vessel | Class: Shipwreck | Subclass: Metal
Shipwreck City Data
This target has been classified as a metal shipwreck, resting in 4 feet of water and measuring roughly 165 feet by 36 feet. The shipwreck sits upright, with large sections of the metal hull and surviving structure remaining intact. The shipwreck has been identified as Onondaga (WPG-79), later known as Arctic Explorer. Visible features include large sections of hull plating, the upper edge of the hull, exposed structural framing, several openings into the interior of the wreck, and additional metal structural members and fittings. Much of the exposed structure is covered by aquatic growth and encrustation.

Prior Research and Theories
No corresponding prior documentation from Coastal Sensing & Survey, DCS Films, or the Lake Union Virtual Museum has been identified for this target in the material reviewed to date.",No,NA,NA,NA,NA,NA,NA,36,no,NA,"165 x 36 x 13'7""","Coast Guard ""A"" Class cutter",NA,,NA,no,no,12Apr2026,,,NA,Updated Footage,Historical Footage,Stabbert Marina
47.66607402,-122.3909559,LU100,Cruising Vessel,Shipwreck,Cruising Vessel,Unknown,#N/A,TBD,Fiberglass,Vessel,Shipwreck,Fiberglass,"Type: Vessel | Class: Shipwreck | Subclass: Fiberglass
Shipwreck City Data
This target has been classified as a fiberglass shipwreck. Its depth and dimensions have not yet been confirmed in the current master record. The vessel remains largely intact and appears to rest upright or at a slight angle, with much of the hull and raised cabin structure still recognizable. Much of the exterior is covered by aquatic growth and encrustation. Visible features include the broad fiberglass hull, a raised cabin or deckhouse with several rectangular window openings, surviving sections of metal railing, and additional metal fittings attached around the deck and hull. A projecting metal component is visible near one end of the vessel, though its exact function cannot currently be determined. The surviving cabin arrangement and overall hull form are consistent with a small cruising or recreational vessel, though the vessel's make, model, and identity have not yet been established.

Prior Research and Theories
No prior documentation from Coastal Sensing & Survey, DCS Films, or the Lake Union Virtual Museum has currently been identified for this target.",No,NA,NA,NA,NA,NA,NA,NA,NA,NA,NA,NA,NA,,NA,no,no,12Apr2026,,,NA,Updated Footage,Historical Footage,Stabbert Marina
47.66607493,-122.3908948,LU101,Cruising Vessel,Shipwreck,Cruising Vessel,Unknown,#N/A,TBD,Fiberglass,Vessel,Shipwreck,Mixed Materials,"Type: Vessel | Class: Shipwreck | Subclass: Mixed Materials
Shipwreck City Data
This target has been classified as a mixed-material shipwreck. The vessel is partially collapsed, with several large sections of the upper structure displaced or separated from their original positions. Smooth molded hull and deck surfaces are visible alongside numerous metal fittings and structural components. Visible features include sections of the hull and deck, a cabin or deckhouse panel with two circular openings consistent with portlights, a metal cleat, tubular metal rails or supports, and several projecting or detached structural panels. Additional fittings and attachments remain connected to portions of the vessel. Several large structural sections lie at different angles around the wreck, making the vessel's original configuration difficult to reconstruct from the available footage.

Prior Research and Theories
No corresponding prior documentation from Coastal Sensing & Survey, DCS Films, or the Lake Union Virtual Museum has been identified for this target in the material reviewed to date.",No,NA,NA,NA,NA,NA,NA,NA,NA,NA,NA,NA,NA,,NA,no,no,12Apr2026,,,NA,Updated Footage,Historical Footage,Stabbert Marina
47.64996174,-122.355326,LU102,Car Wreck (V6),Vehicle,Car,Unknown,#N/A,TBD,Metal,Vessel,Car Wreck,Metal,"Type: Vessel | Class: Car Wreck | Subclass: Metal
Shipwreck City Data
This target has been classified as a metal car wreck. The vehicle is heavily deteriorated and partially collapsed on the lakebed and appears to be upside down with the undercarriage facing up. Visible features include a surviving rear light assembly, a V6 badge, a steering wheel, portions of the interior door panels, wheels, suspension components, and exposed mechanical and undercarriage elements. Several body panels have separated or collapsed around the vehicle, while portions of the interior and structural frame remain recognizable. Much of the wreck is covered by aquatic growth and encrustation.

Prior Research and Theories
Puget Soundkeeper Alliance explored this target on January 21, 2025 during ROV training dives. It is currently unclear whether this survey represented the original discovery of the vehicle or whether the target had been located previously. In August 2026, photographs of the wreck were shared on Reddit in an effort to identify the vehicle. Responses suggested that the vehicle may be a first-generation Mazda MPV, though this identification has not been independently confirmed.

Additional Context
The surviving V6 badge, rear light assembly, steering wheel, interior components, wheels, and other manufactured features may provide useful evidence for identifying the vehicle and narrowing its approximate model year. Shipwreck City is actively researching this object's history and will provide more details as we learn more.",No,NA,NA,NA,NA,NA,NA,NA,NA,NA,NA,NA,NA,,NA,no,no,3June2026,,,NA,Updated Footage,Historical Footage,Boat
47.62804,-122.33802,LU103,Smalll Wooden Boat,Shipwreck,Small wooden boat,Unknown,#N/A,TBD,Wood,Vessel,Shipwreck,Wood,"Type: Vessel | Class: Shipwreck | Subclass: Wood
Shipwreck City Data
This target has been classified as a wood shipwreck. Its depth and dimensions have not yet been determined. The wreck rests low on the lakebed, with portions of the hull remaining upright while other sections have collapsed outward or separated from the main structure. Visible features include extensive outer hull planking, exposed internal framing, substantial transverse and longitudinal structural timbers, a heavy squared structural member at one end of the hull, and a two-horned fitting mounted near the upper edge of the bow. Several areas of planking have separated from the hull, exposing additional framing, while detached wooden material and other debris are scattered immediately around the wreck. 

Prior Research and Theories
No corresponding prior documentation from Coastal Sensing & Survey, DCS Films, or the Lake Union Virtual Museum has been identified for this target in the material reviewed to date.",No,NA,NA,NA,NA,NA,NA,NA,NA,NA,NA,NA,NA,,NA,yes,yes,6May2026,,,NA,First Footage,No Footage,MOHAI Park
47.627524,-122.338353,LU104,Small Dock,Infrastructure,Small dock,15' x 6',#N/A,TBD,Wood,Infrastructure ,Unknown,N/A,"Type: Infrastructure | Class: Man Made | Subclass: Mixed Materials
Shipwreck City Data
This target has been classified as mixed-material man-made infrastructure and identified as a small dock, measuring roughly 15 feet by 6 feet. No depth is currently recorded for the target. The structure lies low against the lakebed, with portions of the wooden decking remaining intact and other sections exposing the underlying support structure. Visible features include parallel wooden deck planking, substantial wooden beams, and several heavily corroded metal components associated with the structure. These include elongated metal members, jointed or bracket-like fittings, and a prominent metal assembly with a loop or eye-shaped attachment. Portions of the wood and metal structure appear separated or displaced from their original positions. 

Prior Research and Theories
No corresponding prior documentation from Coastal Sensing & Survey, DCS Films, or the Lake Union Virtual Museum has been identified for this target in the material reviewed to date.",No,NA,NA,NA,NA,NA,NA,NA,NA,NA,NA,NA,NA,,NA,yes,yes,5May2025,,,NA,First Footage,No Footage,MOHAI Park
47.636574,-122.329833,LU105,Barge and Trailer (The Dump),Barge,"Small barge, trailer, debris field",NA,#N/A,NA,Metal,Debris,Man Made,Mixed Materials,"Type: Debris | Class: Man Made | Subclass: Mixed Materials
Shipwreck City Data
This target has been classified as mixed-material man-made debris. No depth or overall dimensions are currently recorded for the target. The site consists of an extensive debris field spread across the lakebed, with large sections of wood and metal lying both individually and in overlapping concentrations. Visible features include the remains of a trailer, with portions of its metal frame, axle assembly, and wheels still recognizable, along with several additional loose tires. Large wooden planks, panels, and structural members are distributed throughout the site, including broad sections that may represent remains of a small barge or wooden platform. Additional debris includes metal frames, rods and tubing, cables or lines, sheet-like material, and several unidentified metal components. 

Prior Research and Theories
No corresponding prior documentation from Coastal Sensing & Survey, DCS Films, or the Lake Union Virtual Museum has been identified for this target in the material reviewed to date.",No,NA,NA,NA,NA,NA,NA,NA,NA,NA,NA,NA,NA,,NA,yes,yes,2June2026,,,NA,First Footage,No Footage,Boat
47.648319,-122.345848,LU106, Wooden Wreck,Shipwreck,Wooden boat,22 x 8,#N/A,3,Wood,Vessel,Shipwreck,Wood,"Type: Vessel | Class: Shipwreck | Subclass: Wood
Shipwreck City Data
This target has been classified as a wood shipwreck, resting at a recorded depth of 3 feet and measuring roughly 22 feet by 8 feet. The wreck rests at an angle on a sloping section of the lakebed, with the vessel descending noticeably along the slope rather than lying level. Portions of the hull remain intact, while other sections have deteriorated, separated, or collapsed inward. Visible features include a defined bowstem, sections of outer hull planking, exposed internal framing composed of transverse and longitudinal wooden members, a propeller, and a rudder shaft at the stern. The surviving bow and stern features establish the vessel's orientation despite the deterioration of the intervening structure. Several areas of missing planking expose the interior framing, while detached wooden members lie within and alongside the wreck. Aquatic growth and accumulated sediment cover portions of the structure and partially obscure some details.

Prior Research and Theories
No corresponding prior documentation from Coastal Sensing & Survey, DCS Films, or the Lake Union Virtual Museum has been identified for this target in the material reviewed to date.",No,NA,NA,NA,Na,NA,NA,NA,NA,NA,NA,NA,NA,,NA,no,no,30June2026,,,NA,First Footage,No Footage,Seacraft Yacht Sales Piers
47.64855,-122.346517,LU107,Small Wooden Boat,Shipwreck,Small wooden boat,15 x 5,n/a,,Wood,Vessel,Shipwreck,Wood,"Shipwreck City has yet to explore this target. Based on available prior documentation, Shipwreck City currently believes this target to be a wood shipwreck. This identification has not yet been independently confirmed. See below resources for additional information.",No,NA,NA,NA,NA,NA,NA,41,yes,NA,15' x 5',"15' Length, 5' Width",http://www.dcsfilms.com/Site_4/Lake_Union_boats_sink.html,https://vimeo.com/35357451?fl=pl&fe=sh,NA,no,no,NA,NA,NA,NA,Historical Footage,Historical Footage,Lake Washington Rowing Club
47.635528,-122.338281,LU108,Tree Trunks,Debris,Tree Trunks,NA,n/a,NA,Wood,Debris,Organic,Wood,"Shipwreck City has yet to explore this target. Based on available prior documentation, Shipwreck City currently believes this target to be organic debris. This identification has not yet been independently confirmed. See below resources for additional information.",No,NA,NA,NA,NA,NA,NA,5,yes,NA,NA,Tree Trunks,http://www.dcsfilms.com/Site_4/Sea_Bee.html,https://youtu.be/OvlHtjmf_Mo?si=uWwzObgkc5yHEVzG,NA,no,no,NA,NA,NA,NA,Historical Footage,Historical Footage,Boat
47.628798,-122.33372,LU109,Geological Feature,,,15' x 8',n/a,NA,,Geology,Geology,Sedimentary Rock,"Type: Geology | Class: Geology | Subclass: Sedimentary Rock
Shipwreck City Data
This target has been classified as a sedimentary rock formation, measuring roughly 15 feet by 8 feet. No depth is currently recorded for the target. The formation sits low against the lakebed and consists of a broad, irregular exposure of layered rock, with portions partially embedded in sediment. Visible features include numerous thin, overlapping sedimentary layers with pronounced horizontal to gently banding, broken and eroded edges, and several sections where individual layers project outward from the main formation. 

Prior Research and Theories
No corresponding prior documentation from Coastal Sensing & Survey, DCS Films, or the Lake Union Virtual Museum has been identified for this target in the material reviewed to date.

Additional Context
Shipwreck City is actively researching the geologic history of the Puget Sound region to better understand the natural processes that shaped Lake Union and the surrounding landscape. As we learn more, additional geological context may be added to this target and other geological features documented in the archive.",No,NA,NA,NA,NA,NA,NA,NA,NA,NA,NA,NA,NA,NA,NA,yes,no,5May2026,NA,NA,NA,First Footage,No Footage,Boat
47.6496,-122.3543,LU110,Car Wreck,,,,24,,,Vessel,Car Wreck,Metal,"Type: Vessel | Class: Car Wreck | Subclass: Metal
Shipwreck City Data
This target has been classified as a metal car wreck, resting in approximately 24 feet of water. The vehicle is heavily deteriorated and partially collapsed across the bottom of the Fremont Cut Canal that connects with Lake Union to the east. The vehicle has substantial sections of the body separated from the main structure. Visible features include a surviving door and window frame, sections of body paneling, a steering wheel visible within the interior, and at least one wheel and tire assembly. Additional metal panels and structural components are scattered around the vehicle. The make, model, and circumstances of the vehicle’s submergence have not yet been determined.

Prior Research and Theories
No corresponding prior documentation from Coastal Sensing & Survey, DCS Films, or the Lake Union Virtual Museum has been identified for this target in the material reviewed to date.

Additional Context
Shipwreck City is actively researching this object's history and will provide more details as we learn more.",No,NA,NA,NA,NA,NA,NA,NA,NA,NA,NA,NA,NA,NA,NA,yes,yes,21July2026,24,26,NA,First Footage,No Footage,Boat
47.64836712,-122.3265117,LU111,Small Wood Dock,,,,28,,,Infrastructure ,Man Made,Wood,"Type: Infrastructure | Class: Man Made | Subclass: Wood
Shipwreck City Data
This target has been classified as wooden man-made infrastructure, resting in 28 feet of water. The structure sits low against the lakebed, with sections of the wooden material partially buried in sediment. Visible features include broad wooden planking, long structural timbers, rectangular framing, and several upright wooden posts. A long upright metal rod is also visible at the site, with several shorter metal rods extending outward near its base. Additional metal rods and fittings are visible among the wooden material. 

Prior Research and Theories
No corresponding prior documentation from Coastal Sensing & Survey, DCS Films, or the Lake Union Virtual Museum has been identified for this target in the material reviewed to date.",No,NA,NA,NA,NA,NA,NA,NA,NA,NA,NA,NA,NA,NA,NA,NA,NA,21July2026,28,28,NA,First Footage,No Footage,Boat / Thunderbird Marina
47.64572379,-122.3319279,LU112,Logs,,,,n/a,,,Debris,Organic,Wood,"Type: Debris | Class: Organic | Subclass: Wood
Shipwreck City Data
This target has been classified as organic wooden debris. No depth or overall dimensions are currently recorded for the target. The site consists of a concentration of large logs lying across and alongside one another on the lakebed. Visible features include several substantial logs, areas of exposed wood, broken and split ends, and sections partially embedded in sediment. Several of the logs overlap or rest against one another, while others extend beyond the main concentration. We are unable to determine whether all of the visible logs form a single deposited pile or are part of a broader concentration of logs.

Prior Research and Theories
No corresponding prior documentation from Coastal Sensing & Survey, DCS Films, or the Lake Union Virtual Museum has been identified for this target in the material reviewed to date.",No,NA,NA,NA,NA,NA,NA,NA,NA,NA,NA,NA,NA,NA,NA,NA,NA,21July2026,,,NA,First Footage,No Footage,Boat